Player,First_Year,Last_Year,Years_Played,Last_Age,Games,Games_Started,Attempts,Rushing_Yards,Rushing_TDs,First_Downs,Fumbles,Teams,Yards_Per_Attempt,TD_Rate,First_Down_Rate,Fumble_Rate,RB_Score,Tier,All_Time_Rank,Experience_Level,Prime_Years,Prime_Rating
AJ Dillon,2020,2023,4,25,60,11,597,2428,16,140,3,GNB,4.1,2.7,23.5,0.5,9.0,Unranked,169,Limited,2021-2023,3.9
Aaron Brown,2009,2011,3,26,22,2,45,189,0,9,0,DET,4.2,0.0,20.0,0.0,0.0,Unranked,501,Minimal,,
Aaron Jones,2017,2023,7,29,97,85,1177,5940,45,296,15,GNB,5.0,3.8,25.1,1.3,25.2,Unranked,53,Moderate,2018-2020,5.2
Aaron Ripkowski,2016,2017,2,25,32,10,39,163,2,12,0,GNB,4.2,5.1,30.8,0.0,0.6,Unranked,445,Minimal,,
Aaron Stecker,2000,2009,10,34,129,16,386,1526,8,84,10,"ATL, NOR, TAM",4.0,2.1,21.8,2.6,4.9,Unranked,241,Limited,,
Adimchinobe Echemandu,2004,2007,2,27,13,0,28,110,0,8,2,"2TM, CLE",3.9,0.0,28.6,7.1,0.0,Unranked,501,Minimal,,
Adrian Killins,2020,2020,1,22,1,0,1,-12,0,0,0,PHI,-12.0,0.0,0.0,0.0,0.0,Unranked,501,Minimal,,
Adrian Murrell,2000,2003,2,33,18,0,48,157,0,8,1,"DAL, WAS",3.3,0.0,16.7,2.1,0.0,Unranked,501,Minimal,,
Adrian Peterson,2002,2021,23,36,290,173,3541,16201,128,767,55,"2TM, CHI, DET, MIN, WAS",4.6,3.6,21.7,1.6,80.4,Unranked,1,Extended,2010-2012,5.1
Ahmad Bradshaw,2007,2015,9,29,103,36,1083,4928,36,253,22,"IND, NYG",4.6,3.3,23.4,2.0,21.7,Unranked,64,Moderate,2009-2011,4.4
Ahman Green,2000,2009,10,32,118,97,1995,8876,59,449,34,"GNB, HOU",4.4,3.0,22.5,1.7,41.3,Unranked,15,Extended,2001-2003,4.7
Ahmard Hall,2007,2010,2,31,27,8,2,9,0,2,0,TEN,4.5,0.0,100.0,0.0,7.3,Unranked,190,Minimal,,
Akeem Hunt,2015,2017,3,24,30,1,45,228,0,12,2,"HOU, KAN",5.1,0.0,26.7,4.4,0.0,Unranked,501,Minimal,,
Albert Young,2009,2010,2,25,10,0,25,82,0,4,0,MIN,3.3,0.0,16.0,0.0,0.0,Unranked,501,Minimal,,
Alex Collins,2016,2021,5,27,50,29,483,1997,18,110,10,"BAL, SEA",4.1,3.7,22.8,2.1,8.1,Unranked,177,Limited,2017-2021,4.0
Alex Green,2011,2013,3,25,29,4,149,510,0,19,1,"GNB, NYJ",3.4,0.0,12.8,0.7,0.0,Unranked,501,Minimal,,
Alex Haynes,2007,2007,1,25,10,0,3,3,0,0,0,CAR,1.0,0.0,0.0,0.0,0.0,Unranked,501,Minimal,,
Alexander Mattison,2019,2023,5,25,75,19,584,2370,11,120,5,MIN,4.1,1.9,20.5,0.9,7.0,Unranked,199,Limited,2019-2023,4.1
Alfonso Smith,2011,2014,3,27,37,0,55,175,2,13,2,"ARI, SFO",3.2,3.6,23.6,3.6,0.0,Unranked,501,Minimal,,
Alfred Blue,2014,2018,5,27,73,16,673,2407,8,121,4,HOU,3.6,1.2,18.0,0.6,5.8,Unranked,223,Limited,2015-2018,3.8
Alfred Morris,2012,2020,9,32,114,70,1429,6173,35,313,13,"ARI, DAL, NYG, SFO, WAS",4.3,2.4,21.9,0.9,23.1,Unranked,59,Moderate,2012-2014,4.5
Allen Bradford,2011,2011,1,23,1,0,5,13,0,0,0,TAM,2.6,0.0,0.0,0.0,0.0,Unranked,501,Minimal,,
Alonzo Harris,2015,2015,1,23,6,0,4,19,0,1,0,GNB,4.8,0.0,25.0,0.0,0.0,Unranked,501,Minimal,,
Alvin Kamara,2017,2023,7,28,101,70,1315,5829,54,313,11,NOR,4.4,4.1,23.8,0.8,26.9,Unranked,49,Moderate,2017-2019,5.1
Alvin Pearman,2005,2006,2,24,29,0,58,238,2,12,6,JAX,4.1,3.4,20.7,10.3,0.0,Unranked,501,Minimal,,
Ameer Abdullah,2015,2023,9,30,125,23,428,1683,6,87,9,"2TM, DET, LVR, MIN",3.9,1.4,20.3,2.1,3.9,Unranked,280,Limited,,
Amos Zereoue,2000,2005,6,29,76,17,535,2089,10,107,6,"NWE, OAK, PIT",3.9,1.9,20.0,1.1,6.7,Unranked,202,Limited,2002-2004,3.7
Amp Lee,2000,2000,1,29,3,0,1,2,0,0,0,PHI,2.0,0.0,0.0,0.0,0.0,Unranked,501,Minimal,,
Andre Brown,2010,2013,3,27,22,10,214,876,11,57,3,"2TM, NYG",4.1,5.1,26.6,1.4,4.4,Unranked,262,Minimal,,
Andre Ellington,2013,2017,5,28,65,17,418,1752,10,73,4,"2TM, ARI",4.2,2.4,17.5,1.0,4.5,Unranked,259,Limited,,
Andre Hall,2007,2008,2,26,18,1,79,360,2,17,3,DEN,4.6,2.5,21.5,3.8,0.0,Unranked,501,Minimal,,
Andre Williams,2014,2017,4,25,41,7,332,1090,8,50,1,"LAC, NYG, SDG",3.3,2.4,15.1,0.3,1.6,Unranked,386,Limited,,
Andy Janovich,2016,2021,5,28,61,18,15,50,4,8,0,"CLE, DEN",3.3,26.7,53.3,0.0,5.9,Unranked,219,Minimal,,
Anthony Allen,2011,2012,2,24,21,0,19,69,1,4,0,BAL,3.6,5.3,21.1,0.0,0.0,Unranked,501,Minimal,,
Anthony Dixon,2010,2015,6,28,96,2,274,934,11,45,1,"BUF, SFO",3.4,4.0,16.4,0.4,2.4,Unranked,334,Minimal,,
Anthony Johnson,2000,2000,1,33,12,3,28,112,1,6,0,JAX,4.0,3.6,21.4,0.0,0.0,Unranked,501,Minimal,,
Anthony McFarland Jr.,2020,2022,3,24,14,0,42,146,0,7,0,PIT,3.5,0.0,16.7,0.0,0.0,Unranked,501,Minimal,,
Anthony Sherman,2013,2020,7,32,109,21,27,70,1,13,1,KAN,2.6,3.7,48.1,3.7,1.1,Unranked,416,Minimal,,
Anthony Thomas,2001,2007,7,30,86,43,1044,3891,23,185,8,"2TM, BUF, CHI",3.7,2.2,17.7,0.8,15.2,Unranked,104,Moderate,2001-2003,4.0
Antone Smith,2010,2016,5,31,42,0,40,344,4,13,3,"ATL, CHI, TAM",8.6,10.0,32.5,7.5,5.7,Unranked,227,Minimal,,
Antonio Andrews,2015,2016,2,24,30,10,145,535,3,31,1,TEN,3.7,2.1,21.4,0.7,0.0,Unranked,501,Minimal,,
Antonio Gibson,2020,2023,4,25,61,32,642,2643,22,150,12,WAS,4.1,3.4,23.4,1.9,10.9,Unranked,146,Limited,2020-2022,4.1
Antonio Pittman,2007,2007,1,22,11,0,38,139,0,7,0,STL,3.7,0.0,18.4,0.0,0.0,Unranked,501,Minimal,,
Antonio Williams,2020,2020,1,23,1,0,12,63,2,4,0,BUF,5.2,16.7,33.3,0.0,2.9,Unranked,315,Minimal,,
Antowain Smith,2000,2005,6,33,85,50,1125,4303,32,215,12,"BUF, NOR, NWE, TEN",3.8,2.8,19.1,1.1,19.2,Unranked,79,Moderate,2000-2002,3.8
Arian Foster,2009,2016,8,30,80,70,1476,6527,54,342,17,"HOU, MIA",4.4,3.7,23.2,1.2,30.6,Unranked,33,Moderate,2010-2012,4.5
Arlen Harris,2003,2006,4,26,56,6,167,497,6,29,4,"DET, STL",3.0,3.6,17.4,2.4,0.0,Unranked,501,Minimal,,
Armando Allen,2011,2012,2,23,17,0,42,172,1,9,0,CHI,4.1,2.4,21.4,0.0,0.0,Unranked,501,Minimal,,
Armond Smith,2011,2013,3,27,12,0,10,7,0,0,0,"CAR, CLE",0.7,0.0,0.0,0.0,0.0,Unranked,501,Minimal,,
Artavis Pierce,2020,2020,1,24,5,0,6,34,1,2,0,CHI,5.7,16.7,33.3,0.0,2.9,Unranked,315,Minimal,,
Artose Pinner,2003,2007,5,29,47,7,250,858,8,51,1,"ATL, DET, MIN",3.4,3.2,20.4,0.4,2.3,Unranked,338,Minimal,,
Austin Ekeler,2017,2023,7,28,103,68,990,4355,39,229,21,LAC,4.4,3.9,23.1,2.1,19.3,Unranked,78,Moderate,2018-2020,4.7
Austin Johnson,2014,2015,2,26,17,2,12,31,1,8,0,NOR,2.6,8.3,66.7,0.0,3.5,Unranked,291,Minimal,,
Austin Walter,2020,2021,2,25,8,0,27,104,1,5,0,"NYJ, SFO",3.9,3.7,18.5,0.0,0.0,Unranked,501,Minimal,,
Autry Denson,2000,2002,3,26,28,0,34,114,0,5,2,"CHI, IND, MIA",3.4,0.0,14.7,5.9,0.0,Unranked,501,Minimal,,
Aveion Cason,2001,2008,7,29,53,5,126,562,3,23,7,"2TM, DAL, DET, STL",4.5,2.4,18.3,5.6,0.3,Unranked,471,Minimal,,
Avery Williams,2022,2022,1,24,17,3,22,109,1,6,1,ATL,5.0,4.5,27.3,4.5,0.3,Unranked,471,Minimal,,
Avon Cobourne,2003,2003,1,24,7,0,10,27,0,1,0,DET,2.7,0.0,10.0,0.0,0.0,Unranked,501,Minimal,,
B.J. Sams,2004,2004,1,24,16,1,4,19,1,2,5,BAL,4.8,25.0,50.0,125.0,10.8,Unranked,149,Minimal,,
Baron Batch,2012,2012,1,25,12,0,25,49,1,4,0,PIT,2.0,4.0,16.0,0.0,0.0,Unranked,501,Minimal,,
Basil Mitchell,2000,2000,1,25,1,0,2,8,0,0,1,GNB,4.0,0.0,0.0,50.0,0.0,Unranked,501,Minimal,,
Beanie Wells,2009,2012,4,24,51,23,625,2471,24,116,10,ARI,4.0,3.8,18.6,1.6,10.5,Unranked,150,Limited,2009-2011,4.1
Ben Gay,2001,2001,1,21,16,0,51,172,1,12,4,CLE,3.4,2.0,23.5,7.8,0.0,Unranked,501,Minimal,,
Ben Tate,2011,2014,4,26,51,15,540,2363,14,144,10,"3TM, HOU",4.4,2.6,26.7,1.9,9.7,Unranked,160,Limited,2011-2014,4.3
BenJarvus Green-Ellis,2008,2013,6,28,84,51,1008,3914,42,240,5,"CIN, NWE",3.9,4.2,23.8,0.5,20.6,Unranked,68,Moderate,2010-2012,4.0
Benny Cunningham,2013,2018,6,28,86,3,191,797,4,35,7,"CHI, LAR, STL",4.2,2.1,18.3,3.7,0.9,Unranked,428,Minimal,,
Benny Snell Jr.,2019,2022,4,24,63,5,275,982,7,53,3,PIT,3.6,2.5,19.3,1.1,1.9,Unranked,370,Minimal,,
Bernard Pierce,2012,2015,4,24,52,3,359,1345,5,68,1,"BAL, JAX",3.7,1.4,18.9,0.3,2.3,Unranked,338,Limited,,
Bernard Scott,2009,2013,5,29,49,3,259,1049,4,54,2,"BAL, CIN",4.1,1.5,20.8,0.8,1.9,Unranked,370,Minimal,,
Bernie Parmalee,2000,2000,1,33,14,0,27,87,2,8,0,NYJ,3.2,7.4,29.6,0.0,0.0,Unranked,501,Minimal,,
Bijan Robinson,2023,2023,1,21,17,16,214,976,4,50,4,ATL,4.6,1.9,23.4,1.9,2.2,Unranked,347,Minimal,,
Bilal Powell,2011,2019,9,31,109,38,850,3675,15,190,8,NYJ,4.3,1.8,22.4,0.9,12.7,Unranked,131,Moderate,2013-2017,4.6
Bishop Sankey,2014,2015,2,23,29,12,199,762,3,31,4,TEN,3.8,1.5,15.6,2.0,0.0,Unranked,501,Minimal,,
Bo Scarbrough,2019,2020,2,26,7,5,95,408,1,16,1,"DET, SEA",4.3,1.1,16.8,1.1,0.0,Unranked,501,Minimal,,
Bobby Rainey,2013,2017,5,30,65,11,267,1055,6,71,13,"2TM, BAL, NYG, TAM",4.0,2.2,26.6,4.9,3.4,Unranked,296,Minimal,,
Boston Scott,2019,2023,5,28,73,12,302,1295,16,74,8,PHI,4.3,5.3,24.5,2.6,6.2,Unranked,212,Limited,,
Branden Oliver,2014,2017,3,26,30,8,226,773,3,45,0,"LAC, SDG",3.4,1.3,19.9,0.0,0.3,Unranked,471,Minimal,,
Brandon Bennett,2000,2004,5,31,68,1,235,901,4,57,7,"CAR, CIN",3.8,1.7,24.3,3.0,2.1,Unranked,360,Minimal,,
Brandon Bolden,2012,2023,11,33,164,9,304,1394,13,77,2,"LVR, MIA, NWE",4.6,4.3,25.3,0.7,5.9,Unranked,219,Limited,,
Brandon Burks,2016,2016,1,23,1,0,2,-4,0,0,0,NYJ,-2.0,0.0,0.0,0.0,0.0,Unranked,501,Minimal,,
Brandon Jackson,2007,2012,5,27,54,16,355,1383,7,61,3,"CLE, GNB",3.9,2.0,17.2,0.8,2.9,Unranked,315,Limited,,
Brandon Jacobs,2005,2013,9,31,109,49,1141,5094,60,292,19,"NYG, SFO",4.5,5.3,25.6,1.7,28.7,Unranked,42,Moderate,2008-2010,4.8
Brandon Saine,2011,2011,1,23,8,0,18,69,0,1,0,GNB,3.8,0.0,5.6,0.0,0.0,Unranked,501,Minimal,,
Brandon Wilds,2016,2018,2,25,7,0,16,42,0,1,0,"JAX, NYJ",2.6,0.0,6.2,0.0,0.0,Unranked,501,Minimal,,
Breece Hall,2022,2023,2,22,24,18,303,1457,9,60,3,NYJ,4.8,3.0,19.8,1.0,4.2,Unranked,270,Limited,,
Brian Calhoun,2006,2007,2,23,11,0,14,54,0,2,1,DET,3.9,0.0,14.3,7.1,0.0,Unranked,501,Minimal,,
Brian Hill,2017,2020,4,25,45,3,209,982,3,42,3,"2TM, ATL",4.7,1.4,20.1,1.4,1.4,Unranked,396,Minimal,,
Brian Leonard,2008,2013,6,29,71,2,135,525,0,34,1,"CIN, STL, TAM",3.9,0.0,25.2,0.7,0.0,Unranked,501,Minimal,,
Brian Milne,2000,2000,1,27,16,2,2,1,0,0,0,NOR,0.5,0.0,0.0,0.0,0.0,Unranked,501,Minimal,,
Brian Mitchell,2000,2003,3,35,48,1,36,216,3,12,11,"NYG, PHI",6.0,8.3,33.3,30.6,4.5,Unranked,259,Minimal,,
Brian Robinson Jr.,2022,2023,2,24,27,24,383,1530,7,96,6,WAS,4.0,1.8,25.1,1.6,4.6,Unranked,254,Limited,,
Brian Westbrook,2002,2010,9,31,121,90,1385,6335,41,322,12,"PHI, SFO",4.6,3.0,23.2,0.9,28.9,Unranked,41,Moderate,2005-2007,4.6
Brock Bolen,2011,2011,1,26,13,0,2,14,0,1,0,JAX,7.0,0.0,50.0,0.0,3.0,Unranked,312,Minimal,,
Brock Forsey,2003,2004,2,24,16,2,69,244,2,14,1,"CHI, MIA",3.5,2.9,20.3,1.4,0.0,Unranked,501,Minimal,,
Brock Olivo,2001,2001,1,25,16,0,1,6,0,1,0,DET,6.0,0.0,100.0,0.0,9.0,Unranked,169,Minimal,,
Bronson Hill,2016,2017,2,24,5,0,3,9,0,0,0,"ARI, JAX",3.0,0.0,0.0,0.0,0.0,Unranked,501,Minimal,,
Bruce Miller,2013,2015,3,28,46,26,19,36,1,10,2,SFO,1.9,5.3,52.6,10.5,1.5,Unranked,390,Minimal,,
Bruce Perry,2005,2005,1,24,2,1,16,74,0,3,0,PHI,4.6,0.0,18.8,0.0,0.0,Unranked,501,Minimal,,
Bryce Brown,2012,2015,4,24,42,7,251,1076,7,61,5,"BUF, PHI, SEA",4.3,2.8,24.3,2.0,3.3,Unranked,301,Minimal,,
Buddy Howell,2019,2021,3,25,40,0,26,85,0,3,0,"HOU, LAR",3.3,0.0,11.5,0.0,0.0,Unranked,501,Minimal,,
Byron Marshall,2016,2018,3,24,13,0,31,105,0,7,0,"PHI, WAS",3.4,0.0,22.6,0.0,0.0,Unranked,501,Minimal,,
C.J. Anderson,2013,2019,7,28,71,39,776,3497,22,176,4,"2TM, DEN, DET",4.5,2.8,22.7,0.5,13.0,Unranked,128,Moderate,2014-2016,4.5
C.J. Ham,2017,2018,2,25,31,3,13,21,1,6,0,MIN,1.6,7.7,46.2,0.0,0.4,Unranked,461,Minimal,,
C.J. Prosise,2016,2020,5,26,35,2,75,283,2,9,2,"HOU, SEA",3.8,2.7,12.0,2.7,0.0,Unranked,501,Minimal,,
C.J. Spiller,2010,2017,8,30,90,38,712,3451,12,136,19,"2TM, BUF, KAN, NOR",4.8,1.7,19.1,2.7,10.4,Unranked,152,Limited,2011-2013,5.3
Cadillac Williams,2005,2011,7,29,81,58,1055,4038,21,201,12,"STL, TAM",3.8,2.0,19.1,1.1,14.5,Unranked,110,Moderate,2005-2009,3.8
Caleb Huntley,2022,2022,1,24,12,0,76,366,1,18,1,ATL,4.8,1.3,23.7,1.3,0.0,Unranked,501,Minimal,,
Cam Akers,2020,2023,4,24,36,15,398,1581,11,77,3,"2TM, LAR",4.0,2.8,19.3,0.8,4.6,Unranked,254,Limited,,
Cameron Artis-Payne,2015,2018,4,28,32,3,118,491,5,24,0,CAR,4.2,4.2,20.3,0.0,0.7,Unranked,441,Minimal,,
Carey Davis,2008,2009,2,28,20,3,14,50,0,3,2,PIT,3.6,0.0,21.4,14.3,0.0,Unranked,501,Minimal,,
Carlos Hyde,2014,2021,8,31,102,60,1225,4979,37,255,18,"2TM, HOU, JAX, SEA, SFO",4.1,3.0,20.8,1.5,20.1,Unranked,73,Moderate,2015-2017,4.2
Cecil Sapp,2003,2008,5,30,45,1,33,161,0,8,0,"DEN, HOU",4.9,0.0,24.2,0.0,0.0,Unranked,501,Minimal,,
Cedric Benson,2005,2012,8,30,96,71,1600,6017,32,294,20,"CHI, CIN, GNB",3.8,2.0,18.4,1.2,22.8,Unranked,60,Extended,2009-2011,3.9
Cedric Cobbs,2004,2006,2,25,5,0,25,59,0,3,1,"DEN, NWE",2.4,0.0,12.0,4.0,0.0,Unranked,501,Minimal,,
Cedric Houston,2005,2006,2,24,20,5,194,676,7,36,1,NYJ,3.5,3.6,18.6,0.5,1.1,Unranked,416,Minimal,,
Cedric Peerman,2010,2016,6,30,74,1,70,349,1,13,1,CIN,5.0,1.4,18.6,1.4,0.0,Unranked,501,Minimal,,
Chad Dukes,2000,2000,1,29,2,0,2,2,0,0,0,2TM,1.0,0.0,0.0,0.0,0.0,Unranked,501,Minimal,,
Chad Morton,2000,2006,4,29,62,5,89,382,0,17,6,"NOR, NYG, NYJ, WAS",4.3,0.0,19.1,6.7,0.0,Unranked,501,Minimal,,
Chad Simpson,2008,2009,2,24,25,0,30,147,3,11,1,IND,4.9,10.0,36.7,3.3,2.9,Unranked,315,Minimal,,
Charcandrick West,2015,2018,4,27,46,11,268,998,7,56,2,KAN,3.7,2.6,20.9,0.7,2.3,Unranked,338,Minimal,,
Charles Sims,2014,2017,4,27,47,2,245,958,2,43,6,TAM,3.9,0.8,17.6,2.4,0.4,Unranked,461,Minimal,,
Charlie Garner,2000,2004,5,32,65,58,801,3607,18,169,7,"OAK, SFO, TAM",4.5,2.2,21.1,0.9,13.8,Unranked,117,Moderate,2001-2003,4.6
Chase Brown,2023,2023,1,23,12,0,44,179,0,6,1,CIN,4.1,0.0,13.6,2.3,0.0,Unranked,501,Minimal,,
Chase Edmonds,2018,2023,6,27,83,18,450,1972,11,96,4,"2TM, ARI, TAM",4.4,2.4,21.3,0.9,6.1,Unranked,216,Limited,,
Chauncey Washington,2008,2011,2,26,8,0,5,8,0,1,0,"DAL, JAX",1.6,0.0,20.0,0.0,0.0,Unranked,501,Minimal,,
Chester Taylor,2002,2011,10,32,151,34,1160,4740,26,222,22,"ARI, BAL, CHI, MIN",4.1,2.2,19.1,1.9,18.9,Unranked,83,Moderate,2005-2007,4.5
Chris Barclay,2007,2007,1,24,5,0,1,3,0,0,0,2TM,3.0,0.0,0.0,0.0,0.0,Unranked,501,Minimal,,
Chris Brooks,2023,2023,1,23,9,0,19,106,0,2,0,MIA,5.6,0.0,10.5,0.0,0.0,Unranked,501,Minimal,,
Chris Brown,2003,2009,6,28,68,33,722,3024,19,137,14,"HOU, TEN",4.2,2.6,19.0,1.9,11.7,Unranked,142,Limited,2004-2007,4.4
Chris Carson,2017,2021,5,27,49,48,769,3502,24,203,12,SEA,4.6,3.1,26.4,1.6,14.5,Unranked,110,Moderate,2018-2020,4.6
Chris Evans,2021,2023,2,26,22,1,19,89,0,3,0,CIN,4.7,0.0,15.8,0.0,0.0,Unranked,501,Minimal,,
Chris Floyd,2000,2000,1,25,13,0,2,-1,0,0,0,2TM,-0.5,0.0,0.0,0.0,0.0,Unranked,501,Minimal,,
Chris Fuamatu-Ma'afala,2000,2004,5,27,51,7,219,930,6,58,0,"JAX, PIT",4.2,2.7,26.5,0.0,3.3,Unranked,301,Minimal,,
Chris Henry,2007,2008,2,23,8,0,32,122,2,5,0,TEN,3.8,6.2,15.6,0.0,0.0,Unranked,501,Minimal,,
Chris Howard,2000,2000,1,25,2,1,21,52,1,4,2,JAX,2.5,4.8,19.0,9.5,0.0,Unranked,501,Minimal,,
Chris Ivory,2010,2018,9,30,108,43,1227,5237,29,265,20,"BUF, JAX, NOR, NYJ",4.3,2.4,21.6,1.6,20.5,Unranked,70,Moderate,2010-2014,4.6
Chris Jennings,2009,2009,1,24,9,1,63,220,1,10,0,CLE,3.5,1.6,15.9,0.0,0.0,Unranked,501,Minimal,,
Chris Johnson,2008,2017,10,32,130,111,2163,9651,55,406,21,"ARI, NYJ, TEN",4.5,2.5,18.8,1.0,37.6,Unranked,23,Extended,2008-2010,4.9
Chris Massey,2003,2003,1,24,16,0,1,-1,0,1,0,STL,-1.0,0.0,100.0,0.0,3.8,Unranked,282,Minimal,,
Chris Ogbonnaya,2009,2014,5,28,53,12,158,710,2,49,5,"2TM, CLE, STL",4.5,1.3,31.0,3.2,2.2,Unranked,347,Minimal,,
Chris Perry,2004,2008,4,27,35,9,177,606,2,31,9,CIN,3.4,1.1,17.5,5.1,0.0,Unranked,501,Minimal,,
Chris Polk,2013,2015,3,26,44,2,156,604,8,30,1,"HOU, PHI",3.9,5.1,19.2,0.6,1.5,Unranked,390,Minimal,,
Chris Pressley,2009,2010,2,24,14,3,2,0,0,0,0,"2TM, TAM",0.0,0.0,0.0,0.0,0.0,Unranked,501,Minimal,,
Chris Rainey,2012,2012,1,24,16,0,26,102,2,5,4,PIT,3.9,7.7,19.2,15.4,0.0,Unranked,501,Minimal,,
Chris Rodriguez,2023,2023,1,23,13,0,51,247,2,14,1,WAS,4.8,3.9,27.5,2.0,0.6,Unranked,445,Minimal,,
Chris Taylor,2006,2008,2,25,7,0,42,160,1,8,1,HOU,3.8,2.4,19.0,2.4,0.0,Unranked,501,Minimal,,
Chris Thompson,2014,2020,7,30,70,1,257,1214,5,52,9,"JAX, WAS",4.7,1.9,20.2,3.5,2.6,Unranked,324,Minimal,,
Chris Warren,2000,2000,1,32,14,1,74,296,2,36,3,2TM,4.0,2.7,48.6,4.1,3.4,Unranked,296,Minimal,,
Christian McCaffrey,2017,2023,7,27,91,84,1297,6185,52,308,12,"2TM, CAR, SFO",4.8,4.0,23.7,0.9,27.1,Unranked,45,Moderate,2019-2023,5.0
Christine Michael,2013,2018,5,28,38,9,256,1089,7,78,3,"2TM, IND, SEA",4.3,2.7,30.5,1.2,4.3,Unranked,267,Minimal,,
Chuba Hubbard,2021,2023,3,24,49,24,505,1980,12,118,4,CAR,3.9,2.4,23.4,0.8,6.7,Unranked,202,Limited,,
Ciatrick Fason,2005,2006,2,24,18,0,50,161,5,18,1,MIN,3.2,10.0,36.0,2.0,2.2,Unranked,347,Minimal,,
Cierre Wood,2013,2015,2,24,7,0,5,12,0,0,0,"2TM, BUF",2.4,0.0,0.0,0.0,0.0,Unranked,501,Minimal,,
Clifton Dawson,2007,2007,1,24,13,0,30,64,1,6,0,2TM,2.1,3.3,20.0,0.0,0.0,Unranked,501,Minimal,,
Clifton Smith,2008,2009,2,24,20,0,12,47,0,3,7,TAM,3.9,0.0,25.0,58.3,0.3,Unranked,471,Minimal,,
Clinton Portis,2002,2010,9,29,113,108,2230,9923,75,506,26,"DEN, WAS",4.4,3.4,22.7,1.2,48.7,Unranked,7,Extended,2002-2004,4.9
Clyde Edwards-Helaire,2020,2023,4,24,48,32,441,1845,12,87,2,KAN,4.2,2.7,19.7,0.5,5.6,Unranked,231,Limited,,
Collin Mooney,2012,2012,1,26,2,0,5,19,0,2,0,TEN,3.8,0.0,40.0,0.0,0.0,Unranked,501,Minimal,,
Cordarrelle Patterson,2021,2023,3,32,43,24,347,1494,14,77,4,ATL,4.3,4.0,22.2,1.2,5.7,Unranked,227,Limited,,
Corey Clement,2017,2022,5,28,68,1,211,850,8,50,4,"ARI, DAL, PHI",4.0,3.8,23.7,1.9,2.8,Unranked,320,Minimal,,
Corey Dillon,2000,2006,7,32,104,96,1860,7782,63,423,22,"CIN, NWE",4.2,3.4,22.7,1.2,39.4,Unranked,18,Extended,2002-2004,4.3
Corey Grant,2015,2018,4,27,38,2,81,454,3,19,2,JAX,5.6,3.7,23.5,2.5,1.4,Unranked,396,Minimal,,
Correll Buckhalter,2001,2010,7,32,103,23,655,2944,21,152,12,"DEN, PHI",4.5,3.2,23.2,1.8,13.2,Unranked,124,Limited,2001-2009,4.7
Cory Ross,2007,2007,1,25,6,0,12,72,1,3,2,BAL,6.0,8.3,25.0,16.7,1.7,Unranked,382,Minimal,,
Craig Reynolds,2020,2023,4,27,33,2,120,515,1,26,2,"DET, JAX",4.3,0.8,21.7,1.7,0.0,Unranked,501,Minimal,,
Curtis Brinkley,2010,2012,3,27,23,2,71,227,1,13,1,SDG,3.2,1.4,18.3,1.4,0.0,Unranked,501,Minimal,,
Curtis Keaton,2000,2002,3,26,25,0,23,91,0,4,1,"CIN, NOR",4.0,0.0,17.4,4.3,0.0,Unranked,501,Minimal,,
Curtis Martin,2000,2005,6,32,92,92,1824,7551,45,384,10,NYJ,4.1,2.5,21.1,0.5,33.3,Unranked,28,Extended,2002-2004,4.3
Cyrus Gray,2012,2014,3,25,35,0,24,99,1,5,0,KAN,4.1,4.2,20.8,0.0,0.0,Unranked,501,Minimal,,
D'Andre Swift,2020,2023,4,24,56,31,593,2729,23,130,9,"DET, PHI",4.6,3.9,21.9,1.5,11.0,Unranked,145,Limited,2020-2023,4.4
D'Ernest Johnson,2019,2023,5,27,81,2,182,846,3,37,2,"CLE, JAX",4.6,1.6,20.3,1.1,1.1,Unranked,416,Minimal,,
D'Onta Foreman,2017,2023,6,27,52,21,552,2326,14,110,7,"CAR, CHI, HOU, TEN",4.2,2.5,19.9,1.3,7.4,Unranked,189,Limited,2021-2023,4.2
Da'Rel Scott,2011,2013,3,25,20,1,31,98,0,5,1,NYG,3.2,0.0,16.1,3.2,0.0,Unranked,501,Minimal,,
Dalvin Cook,2017,2022,6,27,73,72,1282,5993,47,296,19,MIN,4.7,3.7,23.1,1.5,25.4,Unranked,52,Moderate,2019-2021,4.7
Dalyn Dawkins,2019,2019,1,25,2,0,11,26,0,2,0,TEN,2.4,0.0,18.2,0.0,0.0,Unranked,501,Minimal,,
Damarea Crockett,2021,2021,1,24,12,0,3,7,0,0,0,DEN,2.3,0.0,0.0,0.0,0.0,Unranked,501,Minimal,,
Dameon Pierce,2022,2023,2,23,27,20,365,1355,6,68,4,HOU,3.7,1.6,18.6,1.1,2.6,Unranked,324,Limited,,
Damien Anderson,2002,2005,4,26,35,1,45,142,0,8,0,ARI,3.2,0.0,17.8,0.0,0.0,Unranked,501,Minimal,,
Damien Harris,2019,2023,5,26,44,34,472,2188,21,117,3,"BUF, NWE",4.6,4.4,24.8,0.6,9.7,Unranked,160,Limited,2020-2022,4.7
Damien Nash,2005,2006,2,24,6,0,24,98,0,4,0,"DEN, TEN",4.1,0.0,16.7,0.0,0.0,Unranked,501,Minimal,,
Damien Williams,2014,2023,9,31,101,16,347,1440,14,73,5,"ARI, ATL, CHI, KAN, MIA",4.1,4.0,21.0,1.4,5.3,Unranked,236,Limited,,
Damon Washington,2001,2001,1,24,10,0,28,89,0,5,2,NYG,3.2,0.0,17.9,7.1,0.0,Unranked,501,Minimal,,
Dan Herron,2012,2015,4,26,35,3,112,468,1,27,3,"2TM, CIN, IND",4.2,0.9,24.1,2.7,0.0,Unranked,501,Minimal,,
Daniel Lasco,2016,2016,1,24,7,0,11,32,0,1,0,NOR,2.9,0.0,9.1,0.0,0.0,Unranked,501,Minimal,,
Daniel Thomas,2011,2014,4,27,52,3,409,1480,10,65,6,MIA,3.6,2.4,15.9,1.5,3.6,Unranked,289,Limited,,
Danny Vitale,2019,2019,1,26,15,4,1,3,0,0,0,GNB,3.0,0.0,0.0,0.0,0.0,Unranked,501,Minimal,,
Danny Ware,2008,2012,5,27,60,2,92,375,1,25,1,"NYG, TAM",4.1,1.1,27.2,1.1,0.0,Unranked,501,Minimal,,
Danny Woodhead,2009,2017,9,32,101,14,517,2238,15,146,4,"2TM, BAL, NWE, NYJ, SDG",4.3,2.9,28.2,0.8,9.8,Unranked,158,Limited,,
Dante Brown,2004,2004,1,24,1,0,1,2,0,1,0,PIT,2.0,0.0,100.0,0.0,5.6,Unranked,231,Minimal,,
Dantrell Savage,2008,2009,2,24,13,0,25,98,0,5,1,KAN,3.9,0.0,20.0,4.0,0.0,Unranked,501,Minimal,,
Dare Ogunbowale,2019,2023,5,29,76,8,136,457,4,26,2,"HOU, JAX, TAM",3.4,2.9,19.1,1.5,0.0,Unranked,501,Minimal,,
Darius Jackson,2018,2018,1,25,4,0,6,16,0,0,0,2TM,2.7,0.0,0.0,0.0,0.0,Unranked,501,Minimal,,
Darius Walker,2007,2007,1,22,4,2,58,264,1,14,0,HOU,4.6,1.7,24.1,0.0,0.0,Unranked,501,Minimal,,
Darnell Autry,2000,2000,1,24,11,7,112,334,3,17,2,PHI,3.0,2.7,15.2,1.8,0.0,Unranked,501,Minimal,,
Darrel Williams,2018,2022,5,27,57,7,258,1014,11,77,1,"ARI, KAN",3.9,4.3,29.8,0.4,4.9,Unranked,241,Minimal,,
Darrel Young,2013,2014,2,27,29,17,21,63,6,13,0,WAS,3.0,28.6,61.9,0.0,7.5,Unranked,185,Minimal,,
Darrell Henderson,2019,2023,5,26,54,32,442,1854,15,108,0,LAR,4.2,3.4,24.4,0.0,7.3,Unranked,190,Limited,,
Darren McFadden,2008,2017,10,30,103,74,1302,5421,28,239,20,"DAL, OAK",4.2,2.2,18.4,1.5,19.7,Unranked,75,Moderate,2009-2011,4.7
Darren Sproles,2005,2019,14,36,183,31,732,3552,23,172,24,"NOR, PHI, SDG",4.9,3.1,23.5,3.3,14.6,Unranked,107,Limited,,
Darrin Reaves,2014,2014,1,21,6,1,31,78,0,3,0,CAR,2.5,0.0,9.7,0.0,0.0,Unranked,501,Minimal,,
Darrynton Evans,2020,2023,4,25,19,0,62,246,1,15,0,"2TM, CHI, TEN",4.0,1.6,24.2,0.0,0.0,Unranked,501,Minimal,,
Darwin Thompson,2019,2020,2,23,26,1,64,225,2,16,0,KAN,3.5,3.1,25.0,0.0,0.0,Unranked,501,Minimal,,
Daryl Richardson,2012,2016,3,26,27,3,169,697,0,34,3,"PIT, STL",4.1,0.0,20.1,1.8,0.0,Unranked,501,Minimal,,
David Allen,2003,2003,1,25,14,0,4,8,0,1,2,JAX,2.0,0.0,25.0,50.0,0.0,Unranked,501,Minimal,,
David Cobb,2015,2015,1,22,7,1,52,146,1,6,0,TEN,2.8,1.9,11.5,0.0,0.0,Unranked,501,Minimal,,
David Fluellen,2017,2018,2,26,23,0,8,37,0,2,0,TEN,4.6,0.0,25.0,0.0,0.0,Unranked,501,Minimal,,
David Johnson,2015,2022,8,31,92,63,1007,4071,39,225,19,"ARI, HOU, NOR",4.0,3.9,22.3,1.9,18.5,Unranked,85,Moderate,2016-2020,4.2
David Montgomery,2019,2023,5,26,74,65,1134,4624,39,264,8,"CHI, DET",4.1,3.4,23.3,0.7,20.3,Unranked,71,Moderate,2021-2023,4.1
David Williams,2018,2018,1,24,6,0,8,36,0,3,0,JAX,4.5,0.0,37.5,0.0,0.0,Unranked,501,Minimal,,
David Wilson,2012,2013,2,22,21,6,115,504,5,27,3,NYG,4.4,4.3,23.5,2.6,1.4,Unranked,396,Minimal,,
De Dorsey,2007,2008,2,24,16,2,26,191,0,9,0,CIN,7.3,0.0,34.6,0.0,1.9,Unranked,370,Minimal,,
De'Angelo Henderson,2017,2018,2,26,8,0,9,32,0,2,1,"DEN, NYJ",3.6,0.0,22.2,11.1,0.0,Unranked,501,Minimal,,
De'Anthony Thomas,2014,2019,6,26,69,6,31,191,2,8,7,"2TM, KAN",6.2,6.5,25.8,22.6,2.3,Unranked,338,Minimal,,
De'Lance Turner,2018,2019,2,24,12,0,5,10,0,0,0,"BAL, MIA",2.0,0.0,0.0,0.0,0.0,Unranked,501,Minimal,,
De'Mond Parker,2000,2000,1,24,8,0,18,85,0,4,0,GNB,4.7,0.0,22.2,0.0,0.0,Unranked,501,Minimal,,
De'Von Achane,2023,2023,1,22,11,4,103,800,8,30,1,MIA,7.8,7.8,29.1,1.0,5.8,Unranked,223,Minimal,,
DeAndre Washington,2016,2020,5,27,59,6,313,1213,7,62,4,"2TM, OAK",3.9,2.2,19.8,1.3,2.7,Unranked,321,Limited,,
DeAngelo Williams,2006,2016,11,33,142,96,1730,8096,61,374,16,"CAR, PIT",4.7,3.5,21.6,0.9,35.8,Unranked,25,Extended,2008-2011,5.4
DeMarco Murray,2011,2017,7,29,99,86,1604,7174,49,383,18,"DAL, PHI, TEN",4.5,3.1,23.9,1.1,31.7,Unranked,31,Extended,2011-2013,4.9
DeShaun Foster,2003,2008,6,28,79,42,927,3570,11,179,18,"CAR, SFO",3.9,1.2,19.3,1.9,11.6,Unranked,143,Moderate,2003-2006,4.0
DeShawn Wynn,2007,2009,3,26,16,4,64,332,5,12,1,GNB,5.2,7.8,18.8,1.6,1.3,Unranked,405,Minimal,,
Dee Brown,2002,2006,3,28,37,3,119,405,4,21,5,"CAR, KAN",3.4,3.4,17.6,4.2,0.0,Unranked,501,Minimal,,
DeeJay Dallas,2020,2023,4,25,61,2,112,468,4,30,4,SEA,4.2,3.6,26.8,3.6,1.3,Unranked,405,Minimal,,
Deji Karim,2010,2013,3,27,30,0,110,341,0,21,5,"HOU, JAX",3.1,0.0,19.1,4.5,0.0,Unranked,501,Minimal,,
Delone Carter,2011,2012,2,25,26,3,133,499,5,29,4,IND,3.8,3.8,21.8,3.0,0.9,Unranked,428,Minimal,,
Delvin Joyce,2002,2003,2,25,28,0,13,41,0,2,4,NYG,3.2,0.0,15.4,30.8,0.0,Unranked,501,Minimal,,
Denard Robinson,2014,2014,1,24,13,9,135,582,4,24,2,JAX,4.3,3.0,17.8,1.5,0.3,Unranked,471,Minimal,,
Dennis Johnson,2013,2013,1,23,8,1,49,183,0,8,0,HOU,3.7,0.0,16.3,0.0,0.0,Unranked,501,Minimal,,
Deon Jackson,2021,2023,3,24,29,3,95,283,2,16,3,"3TM, IND",3.0,2.1,16.8,3.2,0.0,Unranked,501,Minimal,,
Derrick Blaylock,2002,2006,5,27,51,8,198,820,10,47,1,"KAN, NYJ",4.1,5.1,23.7,0.5,3.8,Unranked,282,Minimal,,
Derrick Coleman,2013,2018,3,28,42,10,12,38,0,3,1,"ARI, SEA",3.2,0.0,25.0,8.3,0.0,Unranked,501,Minimal,,
Derrick Gore,2021,2023,2,29,17,0,54,282,2,13,0,"KAN, WAS",5.2,3.7,24.1,0.0,0.5,Unranked,453,Minimal,,
Derrick Henry,2016,2023,8,29,119,88,2030,9502,90,467,17,TEN,4.7,4.4,23.0,0.8,44.1,Unranked,12,Extended,2018-2020,5.1
Derrick Ross,2006,2006,1,23,7,0,3,8,0,0,1,KAN,2.7,0.0,0.0,33.3,0.0,Unranked,501,Minimal,,
Derrick Ward,2005,2011,6,31,80,10,551,2628,12,129,4,"HOU, NYG, TAM",4.8,2.2,23.4,0.7,9.1,Unranked,168,Limited,2007-2009,4.7
Derrick Wimbush,2005,2005,1,25,14,1,3,12,1,1,1,JAX,4.0,33.3,33.3,33.3,5.9,Unranked,219,Minimal,,
Derrius Guice,2019,2019,1,22,5,1,42,245,2,9,0,WAS,5.8,4.8,21.4,0.0,0.5,Unranked,453,Minimal,,
Detrez Newsome,2018,2018,1,24,9,0,11,49,0,3,0,LAC,4.5,0.0,27.3,0.0,0.0,Unranked,501,Minimal,,
Deuce McAllister,2001,2008,8,30,97,76,1429,6096,49,296,20,NOR,4.3,3.4,20.7,1.4,29.4,Unranked,39,Moderate,2002-2004,4.3
Deuce Vaughn,2023,2023,1,22,7,0,23,40,0,1,0,DAL,1.7,0.0,4.3,0.0,0.0,Unranked,501,Minimal,,
Devante Mays,2017,2017,1,23,8,0,4,1,0,0,2,GNB,0.2,0.0,0.0,50.0,0.0,Unranked,501,Minimal,,
Devin Moore,2010,2010,1,25,4,0,2,-2,0,0,2,IND,-1.0,0.0,0.0,100.0,0.0,Unranked,501,Minimal,,
Devin Singletary,2019,2023,5,26,78,66,888,4049,20,205,14,"BUF, HOU",4.6,2.3,23.1,1.6,14.2,Unranked,114,Moderate,2019-2021,4.7
Devine Ozigbo,2019,2023,5,27,28,0,17,34,0,2,0,"2TM, DEN, DET, JAX",2.0,0.0,11.8,0.0,0.0,Unranked,501,Minimal,,
Devonta Freeman,2014,2021,8,29,98,71,1138,4720,38,275,12,"ATL, BAL, NYG",4.1,3.3,24.2,1.1,20.6,Unranked,68,Moderate,2015-2017,4.4
Devontae Booker,2016,2021,6,29,93,11,527,2119,11,107,8,"DEN, LVR, NYG",4.0,2.1,20.3,1.5,6.2,Unranked,212,Limited,,
Dexter McCluster,2012,2012,1,23,16,6,12,70,0,4,2,KAN,5.8,0.0,33.3,16.7,1.0,Unranked,422,Minimal,,
Dexter Williams,2019,2020,2,23,7,0,7,19,0,0,0,GNB,2.7,0.0,0.0,0.0,0.0,Unranked,501,Minimal,,
Dimitri Nance,2010,2010,1,22,12,0,36,95,0,4,0,GNB,2.6,0.0,11.1,0.0,0.0,Unranked,501,Minimal,,
Dion Lewis,2011,2020,8,30,102,27,567,2425,13,125,9,"NWE, NYG, PHI, TEN",4.3,2.3,22.0,1.6,8.5,Unranked,175,Limited,,
Domanick Williams,2003,2005,3,25,40,36,770,3195,23,144,10,HOU,4.1,3.0,18.7,1.3,13.2,Unranked,124,Moderate,2003-2005,4.1
Dominic Rhodes,2001,2010,8,31,99,33,814,3286,26,184,16,"IND, OAK",4.0,3.2,22.6,2.0,15.5,Unranked,101,Moderate,2001-2008,3.9
Don Jackson,2016,2016,1,23,3,1,10,32,0,1,0,GNB,3.2,0.0,10.0,0.0,0.0,Unranked,501,Minimal,,
Donald Brown,2009,2015,7,28,89,25,695,2829,18,137,3,"IND, SDG",4.1,2.6,19.7,0.4,10.3,Unranked,153,Limited,2011-2013,4.7
Donnell Bennett,2000,2000,1,28,7,2,27,24,1,7,0,KAN,0.9,3.7,25.9,0.0,0.0,Unranked,501,Minimal,,
Dontrell Hilliard,2019,2022,4,27,41,6,100,592,4,25,4,"2TM, CLE, TEN",5.9,4.0,25.0,4.0,2.4,Unranked,334,Minimal,,
Dorsey Levens,2000,2004,5,34,62,11,358,1407,11,73,1,"GNB, NYG, PHI",3.9,3.1,20.4,0.3,4.9,Unranked,241,Limited,,
Doug Chapman,2001,2003,3,26,26,3,90,317,0,15,2,MIN,3.5,0.0,16.7,2.2,0.0,Unranked,501,Minimal,,
Doug Martin,2012,2018,7,29,84,74,1322,5356,30,257,13,"OAK, TAM",4.1,2.3,19.4,1.0,19.1,Unranked,81,Moderate,2013-2015,4.1
DuJuan Harris,2011,2016,5,28,38,4,145,590,2,39,3,"2TM, GNB, JAX, SFO",4.1,1.4,26.9,2.1,1.0,Unranked,422,Minimal,,
Duce Staley,2000,2005,6,30,65,46,840,3418,15,171,15,"PHI, PIT",4.1,1.8,20.4,1.8,12.4,Unranked,134,Moderate,2001-2004,3.9
Duke Johnson,2015,2022,8,29,97,21,532,2265,11,120,12,"BUF, CLE, HOU, MIA",4.3,2.1,22.6,2.3,7.2,Unranked,194,Limited,,
Dwayne Washington,2016,2022,7,28,83,2,168,592,1,23,0,"DET, NOR",3.5,0.6,13.7,0.0,0.0,Unranked,501,Minimal,,
Dwayne Wright,2007,2007,1,24,15,0,29,94,0,6,1,BUF,3.2,0.0,20.7,3.4,0.0,Unranked,501,Minimal,,
Earnest Graham,2004,2011,8,31,98,35,477,2047,15,96,6,TAM,4.3,3.1,20.1,1.3,7.5,Unranked,185,Limited,,
Eddie George,2000,2004,5,31,77,72,1505,5076,40,260,18,"DAL, TEN",3.4,2.7,17.3,1.2,23.5,Unranked,58,Extended,2000-2002,3.4
Eddie Lacy,2013,2017,5,27,60,51,857,3614,23,184,8,"GNB, SEA",4.2,2.7,21.5,0.9,13.3,Unranked,121,Moderate,2013-2015,4.3
Eddie Williams,2011,2011,1,24,6,0,2,2,0,2,0,2TM,1.0,0.0,100.0,0.0,4.9,Unranked,241,Minimal,,
Edgerrin James,2000,2009,10,31,132,119,2659,10693,67,611,36,"ARI, IND, SEA",4.0,2.5,23.0,1.4,50.7,Unranked,5,Extended,2003-2005,4.3
Edwin Baker,2013,2014,2,23,6,2,44,173,2,12,0,"CLE, NOR",3.9,4.5,27.3,0.0,0.0,Unranked,501,Minimal,,
Eldra Buckley,2009,2010,2,25,32,0,36,111,1,7,1,PHI,3.1,2.8,19.4,2.8,0.0,Unranked,501,Minimal,,
Elijah Dotson,2023,2023,1,24,4,0,4,6,0,0,0,LAC,1.5,0.0,0.0,0.0,0.0,Unranked,501,Minimal,,
Elijah McGuire,2017,2018,2,24,24,5,180,591,4,29,4,NYJ,3.3,2.2,16.1,2.2,0.0,Unranked,501,Minimal,,
Elijah Mitchell,2021,2023,3,25,27,12,327,1523,9,76,0,SFO,4.7,2.8,23.2,0.0,4.9,Unranked,241,Limited,,
Elijhaa Penny,2017,2021,5,28,77,7,83,302,3,24,0,"ARI, NYG",3.6,3.6,28.9,0.0,0.4,Unranked,461,Minimal,,
Elvis Joseph,2001,2001,1,23,14,3,68,294,0,13,2,JAX,4.3,0.0,19.1,2.9,0.0,Unranked,501,Minimal,,
Emanuel Wilson,2023,2023,1,24,7,0,14,85,0,2,1,GNB,6.1,0.0,14.3,7.1,0.0,Unranked,501,Minimal,,
Emari Demercado,2023,2023,1,24,14,2,58,284,2,12,0,ARI,4.9,3.4,20.7,0.0,0.0,Unranked,501,Minimal,,
Emmitt Smith,2000,2004,5,35,71,66,1166,4392,28,222,16,"ARI, DAL",3.8,2.4,19.0,1.4,18.6,Unranked,84,Moderate,2000-2002,3.9
Eno Benjamin,2021,2022,2,23,24,3,111,431,3,18,0,"3TM, ARI",3.9,2.7,16.2,0.0,0.0,Unranked,501,Minimal,,
Eric Gray,2023,2023,1,24,13,0,17,48,0,2,3,NYG,2.8,0.0,11.8,17.6,0.0,Unranked,501,Minimal,,
Eric McCoo,2004,2004,1,24,1,0,9,54,0,3,0,PHI,6.0,0.0,33.3,0.0,0.4,Unranked,461,Minimal,,
Eric Shelton,2006,2006,1,23,9,0,8,23,0,1,0,CAR,2.9,0.0,12.5,0.0,0.0,Unranked,501,Minimal,,
Erik Bickerstaff,2003,2003,1,23,4,0,19,56,1,3,0,DAL,2.9,5.3,15.8,0.0,0.0,Unranked,501,Minimal,,
Erik Lorig,2014,2014,1,28,10,6,3,4,0,0,1,NOR,1.3,0.0,0.0,33.3,0.0,Unranked,501,Minimal,,
Errict Rhett,2000,2000,1,30,5,4,71,258,0,10,0,CLE,3.6,0.0,14.1,0.0,0.0,Unranked,501,Minimal,,
Evan Hull,2023,2023,1,23,1,0,1,1,0,0,0,IND,1.0,0.0,0.0,0.0,0.0,Unranked,501,Minimal,,
Evan Royster,2011,2013,3,26,32,2,81,416,2,25,0,WAS,5.1,2.5,30.9,0.0,1.6,Unranked,386,Minimal,,
Ezekiel Elliott,2016,2023,8,28,120,107,2065,8904,71,506,24,"DAL, NWE",4.3,3.4,24.5,1.2,39.8,Unranked,17,Extended,2016-2018,4.6
Felix Jones,2008,2013,6,26,80,25,617,2912,11,140,13,"DAL, PIT",4.7,1.8,22.7,2.1,9.5,Unranked,163,Limited,2009-2011,4.9
Fitzgerald Toussaint,2014,2017,4,27,31,0,44,137,0,6,0,"BAL, PIT",3.1,0.0,13.6,0.0,0.0,Unranked,501,Minimal,,
Fozzy Whittaker,2013,2017,5,28,67,4,149,615,2,33,2,"2TM, CAR",4.1,1.3,22.1,1.3,0.2,Unranked,486,Minimal,,
Frank Gore,2005,2020,16,37,241,218,3735,16000,81,731,46,"BUF, IND, MIA, NYJ, SFO",4.3,2.2,19.6,1.2,62.9,Unranked,3,Extended,2005-2007,4.8
Frank Moreau,2000,2001,2,25,14,1,75,206,5,20,3,"JAX, KAN",2.7,6.7,26.7,4.0,0.5,Unranked,453,Minimal,,
Frank Summers,2013,2014,2,29,25,15,18,63,2,7,0,BUF,3.5,11.1,38.9,0.0,1.6,Unranked,386,Minimal,,
Fred Jackson,2007,2015,9,34,122,61,1305,5746,30,276,28,"BUF, SEA",4.4,2.3,21.1,2.1,21.9,Unranked,63,Moderate,2009-2011,4.7
Fred McAfee,2000,2006,6,38,68,0,10,129,1,5,1,NOR,12.9,10.0,50.0,10.0,10.3,Unranked,153,Minimal,,
Fred Taylor,2000,2010,11,34,128,116,2111,9740,46,424,24,"JAX, NWE",4.6,2.2,20.1,1.1,39.0,Unranked,20,Extended,2005-2007,4.8
Garrett Wolfe,2007,2010,4,26,50,0,72,282,1,14,1,CHI,3.9,1.4,19.4,1.4,0.0,Unranked,501,Minimal,,
Garrison Hearst,2001,2004,4,33,51,44,665,3027,16,155,7,"DEN, SFO",4.6,2.4,23.3,1.1,12.1,Unranked,139,Limited,2001-2003,4.5
Gartrell Johnson,2009,2010,2,24,19,0,23,79,0,5,1,"ATL, NYG",3.4,0.0,21.7,4.3,0.0,Unranked,501,Minimal,,
Gary Brightwell,2021,2023,3,24,37,0,41,164,1,9,0,NYG,4.0,2.4,22.0,0.0,0.0,Unranked,501,Minimal,,
Gary Russell,2007,2009,3,23,27,4,38,98,3,13,1,"OAK, PIT",2.6,7.9,34.2,2.6,0.6,Unranked,445,Minimal,,
George Atkinson,2016,2016,1,24,16,0,7,34,1,3,1,CLE,4.9,14.3,42.9,14.3,3.7,Unranked,285,Minimal,,
George Layne,2002,2004,3,26,9,0,3,32,0,4,1,"2TM, ATL",10.7,0.0,133.3,33.3,18.3,Unranked,86,Minimal,,
George Winn,2014,2015,2,25,19,0,23,74,0,4,0,DET,3.2,0.0,17.4,0.0,0.0,Unranked,501,Minimal,,
Gilbert Harris,2007,2007,1,23,4,0,9,9,0,1,1,KAN,1.0,0.0,11.1,11.1,0.0,Unranked,501,Minimal,,
Giovani Bernard,2013,2022,10,31,135,30,937,3783,22,188,9,"CIN, TAM",4.0,2.3,20.1,1.0,13.2,Unranked,124,Moderate,2014-2017,4.4
Glen Coffee,2009,2009,1,22,14,2,83,226,1,8,0,SFO,2.7,1.2,9.6,0.0,0.0,Unranked,501,Minimal,,
Glenn Winston,2015,2015,1,26,3,0,1,-8,0,0,1,CLE,-8.0,0.0,0.0,100.0,0.0,Unranked,501,Minimal,,
Glyn Milburn,2000,2000,1,29,16,0,1,6,0,0,4,CHI,6.0,0.0,0.0,400.0,13.3,Unranked,121,Minimal,,
Godwin Igwebuike,2021,2022,2,28,22,1,21,122,1,7,2,"DET, SEA",5.8,4.8,33.3,9.5,1.8,Unranked,376,Minimal,,
Greg Jones,2004,2013,3,32,44,12,69,172,3,17,1,"HOU, JAX",2.5,4.3,24.6,1.4,0.0,Unranked,501,Minimal,,
Gus Edwards,2018,2023,5,28,69,26,699,3395,26,207,7,BAL,4.9,3.7,29.6,1.0,15.3,Unranked,102,Limited,2018-2020,5.2
Harold Shaw,2000,2000,1,26,16,0,9,12,0,1,0,NWE,1.3,0.0,11.1,0.0,0.0,Unranked,501,Minimal,,
Hassan Haskins,2022,2022,1,23,15,1,25,93,0,5,0,TEN,3.7,0.0,20.0,0.0,0.0,Unranked,501,Minimal,,
Henry Hynoski,2014,2014,1,26,16,4,7,13,0,4,0,NYG,1.9,0.0,57.1,0.0,0.4,Unranked,461,Minimal,,
Herbert Goodman,2000,2001,2,24,12,0,4,-3,0,0,2,GNB,-0.8,0.0,0.0,50.0,0.0,Unranked,501,Minimal,,
Hunter Luepke,2023,2023,1,23,17,0,6,19,1,5,0,DAL,3.2,16.7,83.3,0.0,7.0,Unranked,199,Minimal,,
Ian Smart,2004,2004,1,24,4,0,2,26,0,1,0,TAM,13.0,0.0,50.0,0.0,7.1,Unranked,196,Minimal,,
Isaac Redman,2010,2013,4,29,49,7,282,1148,5,80,7,PIT,4.1,1.8,28.4,2.5,3.9,Unranked,280,Minimal,,
Isaiah Crowell,2014,2018,5,25,77,51,880,3803,27,180,6,"CLE, NYJ",4.3,3.1,20.5,0.7,14.4,Unranked,112,Moderate,2016-2018,4.6
Isaiah Pead,2012,2016,4,27,30,1,27,100,0,4,3,"MIA, STL",3.7,0.0,14.8,11.1,0.0,Unranked,501,Minimal,,
Isaiah Spiller,2022,2023,2,22,15,0,55,137,0,3,0,LAC,2.5,0.0,5.5,0.0,0.0,Unranked,501,Minimal,,
Isiah Pacheco,2022,2023,2,24,31,24,375,1765,12,90,5,KAN,4.7,3.2,24.0,1.3,6.4,Unranked,207,Limited,,
Israel Abanikanda,2023,2023,1,21,6,0,22,70,0,3,1,NYJ,3.2,0.0,13.6,4.5,0.0,Unranked,501,Minimal,,
Ito Smith,2018,2021,4,26,36,0,176,693,7,37,2,"ATL, DAL",3.9,4.0,21.0,1.1,1.7,Unranked,382,Minimal,,
J.D. McKissic,2016,2022,7,29,70,14,243,1074,4,59,3,"DET, SEA, WAS",4.4,1.6,24.3,1.2,2.5,Unranked,329,Minimal,,
J.J. Arrington,2005,2008,4,25,58,8,183,654,3,28,2,ARI,3.6,1.6,15.3,1.1,0.0,Unranked,501,Minimal,,
J.J. Johnson,2000,2001,2,27,23,1,55,190,1,5,0,MIA,3.5,1.8,9.1,0.0,0.0,Unranked,501,Minimal,,
J.J. Taylor,2020,2022,3,24,12,0,52,156,2,8,1,NWE,3.0,3.8,15.4,1.9,0.0,Unranked,501,Minimal,,
J.K. Dobbins,2020,2023,3,25,24,10,234,1347,12,65,2,BAL,5.8,5.1,27.8,0.9,6.5,Unranked,205,Minimal,,
J.R. Redmond,2000,2004,5,27,50,6,194,676,1,26,4,"NWE, OAK",3.5,0.5,13.4,2.1,0.0,Unranked,501,Minimal,,
JaQuan Hardy,2021,2021,1,24,3,0,4,29,1,1,0,DAL,7.2,25.0,25.0,0.0,4.1,Unranked,272,Minimal,,
Jackie Battle,2007,2014,7,31,87,10,326,1177,9,70,0,"KAN, SDG, TEN",3.6,2.8,21.5,0.0,3.5,Unranked,291,Limited,,
Jacob Hester,2008,2012,4,27,50,13,90,326,3,29,3,"DEN, SDG",3.6,3.3,32.2,3.3,1.1,Unranked,416,Minimal,,
Jacques Patrick,2021,2021,1,24,2,0,2,12,0,1,0,SFO,6.0,0.0,50.0,0.0,2.2,Unranked,347,Minimal,,
Jacquizz Rodgers,2011,2018,8,28,110,14,545,2067,9,116,4,"ATL, CHI, TAM",3.8,1.7,21.3,0.7,6.2,Unranked,212,Limited,,
Jahmyr Gibbs,2023,2023,1,21,15,3,182,945,10,42,2,DET,5.2,5.5,23.1,1.1,4.1,Unranked,272,Minimal,,
Jahvid Best,2010,2011,2,22,22,15,255,945,6,41,1,DET,3.7,2.4,16.1,0.4,1.2,Unranked,413,Minimal,,
Jake Funk,2021,2023,2,25,14,0,4,15,0,0,0,"IND, LAR",3.8,0.0,0.0,0.0,0.0,Unranked,501,Minimal,,
Jaleel McLaughlin,2023,2023,1,23,17,3,76,410,1,16,0,DEN,5.4,1.3,21.1,0.0,0.0,Unranked,501,Minimal,,
Jalen Parmele,2008,2014,4,29,20,2,48,187,0,10,0,"ARI, BAL, JAX",3.9,0.0,20.8,0.0,0.0,Unranked,501,Minimal,,
Jalen Richard,2016,2021,6,28,87,2,264,1333,4,56,14,"LVR, OAK",5.0,1.5,21.2,5.3,3.0,Unranked,312,Minimal,,
Jalston Fowler,2015,2017,3,27,42,7,10,20,2,6,0,TEN,2.0,20.0,60.0,0.0,4.3,Unranked,267,Minimal,,
Jamaal Branch,2006,2006,1,25,1,0,10,29,0,2,0,NOR,2.9,0.0,20.0,0.0,0.0,Unranked,501,Minimal,,
Jamaal Charles,2008,2018,11,32,119,69,1407,7563,44,373,29,"DEN, JAX, KAN",5.4,3.1,26.5,2.1,31.7,Unranked,31,Moderate,2009-2012,5.9
Jamaal Williams,2017,2023,7,28,103,44,1021,3958,31,235,5,"DET, GNB, NOR",3.9,3.0,23.0,0.5,16.7,Unranked,95,Moderate,2019-2021,4.1
Jamal Anderson,2000,2001,2,29,19,19,337,1214,7,60,7,ATL,3.6,2.1,17.8,2.1,2.7,Unranked,321,Limited,,
Jamal Lewis,2000,2009,9,30,131,126,2542,10607,58,481,39,"BAL, CLE",4.2,2.3,18.9,1.5,44.9,Unranked,11,Extended,2000-2003,4.7
Jamal Robertson,2003,2005,3,28,28,0,62,248,2,22,4,"2TM, CAR, SFO",4.0,3.2,35.5,6.5,1.5,Unranked,390,Minimal,,
Jamel White,2000,2005,6,28,77,16,382,1423,9,75,2,"2TM, BAL, CLE",3.7,2.4,19.6,0.5,4.2,Unranked,270,Limited,,
James Allen,2000,2002,3,27,48,27,580,2108,3,104,7,"CHI, HOU",3.6,0.5,17.9,1.2,4.4,Unranked,262,Limited,2000-2002,3.6
James Conner,2017,2023,7,28,91,65,1125,4876,51,286,12,"ARI, PIT",4.3,4.5,25.4,1.1,24.2,Unranked,54,Moderate,2021-2023,4.3
James Cook,2022,2023,2,24,33,13,326,1629,4,78,5,BUF,5.0,1.2,23.9,1.5,4.1,Unranked,272,Limited,,
James Davis,2009,2010,2,24,9,0,28,75,0,2,0,"2TM, CLE",2.7,0.0,7.1,0.0,0.0,Unranked,501,Minimal,,
James Develin,2014,2019,2,31,18,6,5,8,0,1,1,NWE,1.6,0.0,20.0,20.0,0.0,Unranked,501,Minimal,,
James Fenderson,2002,2003,2,27,25,1,17,79,1,2,1,NOR,4.6,5.9,11.8,5.9,0.0,Unranked,501,Minimal,,
James Jackson,2001,2005,5,29,52,16,325,1082,5,62,5,"2TM, ARI, CLE",3.3,1.5,19.1,1.5,1.8,Unranked,376,Limited,,
James Johnson,2008,2008,1,24,4,0,9,29,0,2,0,CIN,3.2,0.0,22.2,0.0,0.0,Unranked,501,Minimal,,
James Mungro,2002,2005,4,27,43,1,133,430,10,31,3,IND,3.2,7.5,23.3,2.3,2.4,Unranked,334,Minimal,,
James Robinson,2020,2023,4,25,40,32,515,2264,18,117,8,"2TM, GNB, JAX",4.4,3.5,22.7,1.6,8.8,Unranked,173,Limited,2020-2022,4.4
James Starks,2010,2016,7,30,76,13,618,2506,9,132,11,GNB,4.1,1.5,21.4,1.8,7.6,Unranked,184,Limited,,
James Stewart,2000,2002,3,31,41,35,713,2890,15,136,4,DET,4.1,2.1,19.1,0.6,10.3,Unranked,153,Limited,2000-2002,4.2
James White,2014,2021,8,29,95,13,319,1278,11,65,2,NWE,4.0,3.4,20.4,0.6,4.0,Unranked,277,Limited,,
Jamie Harper,2011,2012,2,23,23,0,36,74,4,8,1,TEN,2.1,11.1,22.2,2.8,0.0,Unranked,501,Minimal,,
Jamize Olawale,2016,2016,1,27,16,7,17,47,2,5,0,OAK,2.8,11.8,29.4,0.0,0.2,Unranked,486,Minimal,,
Jamycal Hasty,2020,2022,3,26,36,0,101,410,4,20,3,"JAX, SFO",4.1,4.0,19.8,3.0,0.2,Unranked,486,Minimal,,
Jaret Patterson,2021,2022,2,23,20,1,85,344,2,18,1,WAS,4.0,2.4,21.2,1.2,0.0,Unranked,501,Minimal,,
Jarrett Payton,2005,2005,1,25,13,0,33,105,2,6,0,TEN,3.2,6.1,18.2,0.0,0.0,Unranked,501,Minimal,,
Jarryd Hayne,2015,2015,1,27,8,1,17,52,0,4,3,SFO,3.1,0.0,23.5,17.6,0.0,Unranked,501,Minimal,,
Jashaun Corbin,2023,2023,1,23,6,0,1,1,0,1,0,NYG,1.0,0.0,100.0,0.0,4.6,Unranked,254,Minimal,,
Jason Brookins,2001,2001,1,25,12,3,151,551,5,32,3,BAL,3.6,3.3,21.2,2.0,0.8,Unranked,434,Minimal,,
Jason Davis,2008,2008,1,25,6,3,1,0,0,0,0,2TM,0.0,0.0,0.0,0.0,0.0,Unranked,501,Minimal,,
Jason Huntley,2020,2021,2,23,6,0,18,70,0,3,0,PHI,3.9,0.0,16.7,0.0,0.0,Unranked,501,Minimal,,
Jason Snelling,2007,2013,7,30,96,6,363,1420,8,90,5,ATL,3.9,2.2,24.8,1.4,4.8,Unranked,249,Limited,,
Jason Wright,2004,2010,7,28,80,5,168,633,2,39,4,"ARI, ATL, CLE",3.8,1.2,23.2,2.4,0.4,Unranked,461,Minimal,,
Javarris James,2010,2010,1,23,10,0,46,112,6,9,1,IND,2.4,13.0,19.6,2.2,0.1,Unranked,495,Minimal,,
Javarris Williams,2009,2009,1,23,4,0,6,6,0,0,0,KAN,1.0,0.0,0.0,0.0,0.0,Unranked,501,Minimal,,
Javon Ringer,2009,2012,4,25,37,0,120,486,3,21,1,TEN,4.0,2.5,17.5,0.8,0.0,Unranked,501,Minimal,,
Javonte Williams,2021,2023,3,23,37,18,467,1881,7,102,4,DEN,4.0,1.5,21.8,0.9,4.9,Unranked,241,Limited,,
Javorius Allen,2015,2019,5,28,64,6,350,1285,9,81,3,"BAL, NYG",3.7,2.6,23.1,0.9,4.0,Unranked,277,Limited,,
Jay Ajayi,2015,2019,5,26,45,23,572,2546,13,85,8,"2TM, MIA, PHI",4.5,2.3,14.9,1.4,6.7,Unranked,202,Limited,,
Jay Graham,2001,2002,2,27,14,0,13,46,0,4,0,"GNB, SEA",3.5,0.0,30.8,0.0,0.0,Unranked,501,Minimal,,
Jay Prosch,2015,2016,2,24,31,3,10,42,0,6,0,HOU,4.2,0.0,60.0,0.0,2.3,Unranked,338,Minimal,,
Jaylen Samuels,2018,2021,4,25,45,8,136,468,1,23,2,"HOU, PIT",3.4,0.7,16.9,1.5,0.0,Unranked,501,Minimal,,
Jaylen Warren,2022,2023,2,25,33,0,226,1163,5,56,5,PIT,5.1,2.2,24.8,2.2,3.4,Unranked,296,Minimal,,
Jed Collins,2013,2014,2,28,32,10,23,64,1,14,0,"DET, NOR",2.8,4.3,60.9,0.0,2.6,Unranked,324,Minimal,,
Jeff Demps,2013,2013,1,23,2,0,1,14,0,1,0,TAM,14.0,0.0,100.0,0.0,12.9,Unranked,130,Minimal,,
Jeff Wilson,2018,2023,6,28,63,16,515,2313,18,123,9,"2TM, MIA, SFO",4.5,3.5,23.9,1.7,9.2,Unranked,167,Limited,,
Jehuu Caulcrick,2010,2010,1,27,2,0,1,2,0,1,0,BUF,2.0,0.0,100.0,0.0,5.6,Unranked,231,Minimal,,
Jerald Moore,2000,2000,1,26,11,1,37,156,1,8,0,NOR,4.2,2.7,21.6,0.0,0.0,Unranked,501,Minimal,,
Jeremiah Johnson,2011,2011,1,24,8,0,14,77,0,4,0,DEN,5.5,0.0,28.6,0.0,0.0,Unranked,501,Minimal,,
Jeremy Hill,2014,2018,5,26,55,43,708,2898,29,161,9,"CIN, NWE",4.1,4.1,22.7,1.3,13.1,Unranked,127,Limited,2014-2016,4.2
Jeremy Langford,2015,2018,3,27,29,5,219,762,10,41,2,"ATL, CHI",3.5,4.6,18.7,0.9,2.1,Unranked,360,Minimal,,
Jeremy McNichols,2018,2021,3,26,31,0,90,364,1,15,0,"IND, TEN",4.0,1.1,16.7,0.0,0.0,Unranked,501,Minimal,,
Jeremy Stewart,2012,2014,3,25,23,0,33,125,1,5,0,"DEN, OAK",3.8,3.0,15.2,0.0,0.0,Unranked,501,Minimal,,
Jerick McKinnon,2014,2023,8,31,116,18,660,2650,14,119,4,"KAN, MIN, SFO",4.0,2.1,18.0,0.6,7.8,Unranked,181,Limited,2014-2017,4.0
Jerious Norwood,2006,2011,6,28,66,6,399,2056,7,87,3,"ATL, STL",5.2,1.8,21.8,0.8,6.0,Unranked,218,Limited,,
Jermaine Fazande,2000,2000,1,25,13,7,119,368,2,22,1,SDG,3.1,1.7,18.5,0.8,0.0,Unranked,501,Minimal,,
Jermaine Williams,2000,2000,1,27,7,0,2,8,0,1,0,JAX,4.0,0.0,50.0,0.0,1.0,Unranked,422,Minimal,,
Jermar Jefferson,2021,2021,1,21,7,0,15,74,2,4,0,DET,4.9,13.3,26.7,0.0,1.4,Unranked,396,Minimal,,
Jerome Bettis,2000,2005,6,33,83,54,1373,5199,50,284,11,PIT,3.8,3.6,20.7,0.8,27.3,Unranked,44,Moderate,2000-2002,4.1
Jerome Felton,2010,2016,5,30,77,20,38,128,0,18,1,"2TM, BUF, DET, MIN",3.4,0.0,47.4,2.6,1.0,Unranked,422,Minimal,,
Jerome Ford,2022,2023,2,24,30,12,212,825,4,34,1,CLE,3.9,1.9,16.0,0.5,0.3,Unranked,471,Minimal,,
Jerome Harrison,2006,2011,6,28,63,10,356,1681,7,89,5,"2TM, CLE, DET",4.7,2.0,25.0,1.4,5.5,Unranked,235,Limited,,
Jesse Chatman,2002,2008,5,29,58,6,212,951,4,47,2,"MIA, NYJ, SDG",4.5,1.9,22.2,0.9,2.2,Unranked,347,Minimal,,
Joe Banyard,2014,2016,2,28,16,0,23,95,0,4,0,"JAX, MIN",4.1,0.0,17.4,0.0,0.0,Unranked,501,Minimal,,
Joe Burns,2002,2004,3,25,42,1,64,193,0,5,1,BUF,3.0,0.0,7.8,1.6,0.0,Unranked,501,Minimal,,
Joe Kerridge,2016,2016,1,24,8,0,1,0,0,0,0,GNB,0.0,0.0,0.0,0.0,0.0,Unranked,501,Minimal,,
Joe McKnight,2010,2014,4,26,41,1,113,505,0,22,6,"KAN, NYJ",4.5,0.0,19.5,5.3,0.0,Unranked,501,Minimal,,
Joe Mixon,2017,2023,7,27,97,88,1571,6412,49,341,6,CIN,4.1,3.1,21.7,0.4,27.0,Unranked,46,Extended,2018-2020,4.2
Joe Montgomery,2000,2002,2,26,6,0,8,24,1,1,0,"CAR, NYG",3.0,12.5,12.5,0.0,0.0,Unranked,501,Minimal,,
Joey Harris,2004,2004,1,24,4,0,15,53,0,3,0,CAR,3.5,0.0,20.0,0.0,0.0,Unranked,501,Minimal,,
Joey Iosefa,2015,2015,1,24,2,0,15,51,0,2,0,NWE,3.4,0.0,13.3,0.0,0.0,Unranked,501,Minimal,,
John Avery,2003,2003,1,27,6,0,1,0,0,0,1,MIN,0.0,0.0,0.0,100.0,0.0,Unranked,501,Minimal,,
John Clay,2011,2011,1,23,2,0,10,41,1,1,0,PIT,4.1,10.0,10.0,0.0,0.0,Unranked,501,Minimal,,
John Conner,2010,2014,2,27,28,3,14,64,1,3,0,NYJ,4.6,7.1,21.4,0.0,0.0,Unranked,501,Minimal,,
John Crockett,2015,2015,1,23,2,0,9,21,0,2,0,GNB,2.3,0.0,22.2,0.0,0.0,Unranked,501,Minimal,,
John Kelly,2018,2021,3,25,12,0,32,96,0,7,0,"CLE, LAR",3.0,0.0,21.9,0.0,0.0,Unranked,501,Minimal,,
John Kuhn,2013,2015,2,33,31,12,19,66,3,10,1,GNB,3.5,15.8,52.6,5.3,4.4,Unranked,262,Minimal,,
John Simon,2002,2003,2,25,16,0,12,27,1,4,2,"TEN, WAS",2.2,8.3,33.3,16.7,0.1,Unranked,495,Minimal,,
Johnathan Franklin,2013,2013,1,24,11,0,19,107,1,7,2,GNB,5.6,5.3,36.8,10.5,2.1,Unranked,360,Minimal,,
Johnny Stanton,2021,2021,1,27,4,0,3,5,0,2,0,CLE,1.7,0.0,66.7,0.0,1.3,Unranked,405,Minimal,,
Johnny White,2011,2012,2,24,19,0,20,72,0,3,0,"2TM, BUF",3.6,0.0,15.0,0.0,0.0,Unranked,501,Minimal,,
Joique Bell,2012,2016,5,30,67,15,564,2241,22,123,12,"2TM, DET",4.0,3.9,21.8,2.1,9.5,Unranked,163,Limited,,
Jon Hilliman,2019,2019,1,24,3,1,30,91,0,6,2,NYG,3.0,0.0,20.0,6.7,0.0,Unranked,501,Minimal,,
Jonas Gray,2014,2015,2,25,16,3,134,588,5,49,0,"2TM, NWE",4.4,3.7,36.6,0.0,3.2,Unranked,306,Minimal,,
Jonathan Dwyer,2010,2014,5,25,38,6,246,1022,3,50,2,"ARI, PIT",4.2,1.2,20.3,0.8,1.5,Unranked,390,Minimal,,
Jonathan Grimes,2012,2016,5,27,51,1,141,619,2,28,1,"2TM, HOU",4.4,1.4,19.9,0.7,0.1,Unranked,495,Minimal,,
Jonathan Linton,2000,2000,1,26,14,2,38,112,0,6,3,BUF,2.9,0.0,15.8,7.9,0.0,Unranked,501,Minimal,,
Jonathan Stewart,2008,2018,11,31,134,64,1705,7335,51,373,24,"CAR, NYG",4.3,3.0,21.9,1.4,31.9,Unranked,30,Extended,2009-2011,4.9
Jonathan Taylor,2020,2023,4,24,53,48,925,4582,40,257,9,IND,5.0,4.3,27.8,1.0,21.3,Unranked,66,Moderate,2020-2022,5.0
Jonathan Ward,2021,2023,3,26,28,0,17,69,0,6,0,"2TM, ARI, TEN",4.1,0.0,35.3,0.0,0.0,Unranked,501,Minimal,,
Jonathan Wells,2002,2005,4,26,60,18,374,1167,10,61,5,HOU,3.1,2.7,16.3,1.3,2.9,Unranked,315,Limited,,
Jonathan Williams,2016,2023,7,29,47,3,135,563,3,32,3,"BUF, DET, IND, NOR, WAS",4.2,2.2,23.7,2.2,0.7,Unranked,441,Minimal,,
Jordan Howard,2016,2022,7,28,73,52,1019,4362,37,250,6,"2TM, CHI, NOR, PHI",4.3,3.6,24.5,0.6,19.4,Unranked,77,Moderate,2016-2018,4.3
Jordan Mason,2022,2023,2,24,33,0,83,464,4,23,0,SFO,5.6,4.8,27.7,0.0,2.2,Unranked,347,Minimal,,
Jordan Scarlett,2019,2019,1,23,9,0,4,9,0,0,0,CAR,2.2,0.0,0.0,0.0,0.0,Unranked,501,Minimal,,
Jordan Todman,2012,2016,5,26,60,3,124,531,3,26,0,"IND, JAX, PIT",4.3,2.4,21.0,0.0,0.3,Unranked,471,Minimal,,
Jordan Wilkins,2018,2022,4,28,49,4,208,1009,4,46,2,IND,4.9,1.9,22.1,1.0,2.2,Unranked,347,Minimal,,
Jorvorskie Lane,2014,2014,1,27,9,4,3,58,0,1,0,TAM,19.3,0.0,33.3,0.0,8.9,Unranked,171,Minimal,,
Joseph Addai,2006,2011,6,28,78,60,1095,4453,39,259,7,IND,4.1,3.6,23.7,0.6,21.4,Unranked,65,Moderate,2006-2008,4.1
Joseph Randle,2013,2015,3,24,35,8,181,822,9,34,3,DAL,4.5,5.0,18.8,1.7,2.5,Unranked,329,Minimal,,
Josh Adams,2018,2020,3,24,25,5,157,680,5,34,1,"NYJ, PHI",4.3,3.2,21.7,0.6,1.3,Unranked,405,Minimal,,
Josh Ferguson,2016,2019,3,26,28,0,19,34,0,1,1,"IND, WAS",1.8,0.0,5.3,5.3,0.0,Unranked,501,Minimal,,
Josh Harris,2014,2014,1,23,5,0,9,16,0,2,0,PIT,1.8,0.0,22.2,0.0,0.0,Unranked,501,Minimal,,
Josh Jacobs,2019,2023,5,25,73,72,1305,5545,46,286,11,"LVR, OAK",4.2,3.5,21.9,0.8,23.8,Unranked,55,Moderate,2020-2022,4.3
Josh Robinson,2015,2015,1,23,5,0,17,39,0,0,1,IND,2.3,0.0,0.0,5.9,0.0,Unranked,501,Minimal,,
Josh Scobey,2004,2004,1,25,12,0,27,89,0,7,1,ARI,3.3,0.0,25.9,3.7,0.0,Unranked,501,Minimal,,
Josh Vaughan,2010,2013,3,27,16,0,11,32,1,1,0,"ATL, CAR",2.9,9.1,9.1,0.0,0.0,Unranked,501,Minimal,,
Joshua Kelley,2020,2023,4,26,54,4,320,1148,6,62,4,LAC,3.6,1.9,19.4,1.2,2.2,Unranked,347,Limited,,
Julius Chestnut,2022,2022,1,22,6,0,9,12,0,1,0,TEN,1.3,0.0,11.1,0.0,0.0,Unranked,501,Minimal,,
Julius Jones,2004,2010,7,29,94,77,1280,5068,22,245,13,"2TM, DAL, SEA",4.0,1.7,19.1,1.0,17.7,Unranked,90,Moderate,2004-2006,4.1
Justice Hill,2019,2023,4,26,59,5,203,934,5,46,3,BAL,4.6,2.5,22.7,1.5,2.3,Unranked,338,Minimal,,
Justin Davis,2017,2018,2,23,15,0,3,20,0,1,0,LAR,6.7,0.0,33.3,0.0,0.8,Unranked,434,Minimal,,
Justin Fargas,2006,2008,3,28,44,27,618,2521,6,114,7,OAK,4.1,1.0,18.4,1.1,6.2,Unranked,212,Limited,2006-2008,4.0
Justin Forsett,2009,2016,8,31,108,37,820,3890,19,182,8,"3TM, BAL, HOU, JAX, SEA",4.7,2.3,22.2,1.0,14.1,Unranked,116,Moderate,2009-2014,5.1
Justin Jackson,2018,2022,5,26,59,7,248,1210,5,63,1,"DET, LAC",4.9,2.0,25.4,0.4,3.5,Unranked,291,Minimal,,
Justin Watson,2000,2001,2,26,25,2,55,249,4,13,0,STL,4.5,7.3,23.6,0.0,1.0,Unranked,422,Minimal,,
Juwan Thompson,2014,2016,3,24,38,2,80,346,4,23,1,DEN,4.3,5.0,28.7,1.2,1.4,Unranked,396,Minimal,,
Ka'Deem Carey,2014,2016,3,24,37,1,111,443,2,28,1,CHI,4.0,1.8,25.2,0.9,0.2,Unranked,486,Minimal,,
KaRon Coleman,2000,2001,2,23,13,0,58,200,1,10,2,DEN,3.4,1.7,17.2,3.4,0.0,Unranked,501,Minimal,,
Kahlil Bell,2009,2012,3,26,27,3,148,633,0,32,4,"2TM, CHI",4.3,0.0,21.6,2.7,0.0,Unranked,501,Minimal,,
Kalen Ballage,2018,2021,4,26,52,8,213,665,7,47,2,"2TM, MIA, PIT",3.1,3.3,22.1,0.9,1.4,Unranked,396,Minimal,,
Kapri Bibbs,2016,2018,3,25,27,0,71,311,3,19,1,"2TM, DEN, WAS",4.4,4.2,26.8,1.4,0.8,Unranked,434,Minimal,,
Kareem Huggins,2010,2010,1,24,3,0,4,11,0,0,0,TAM,2.8,0.0,0.0,0.0,0.0,Unranked,501,Minimal,,
Kareem Hunt,2017,2023,7,28,91,38,1030,4436,40,251,5,"CLE, KAN",4.3,3.9,24.4,0.5,20.2,Unranked,72,Moderate,2017-2020,4.6
Karim Abdul-Jabbar,2000,2000,1,26,1,0,1,-2,0,0,0,IND,-2.0,0.0,0.0,0.0,0.0,Unranked,501,Minimal,,
Karlos Williams,2015,2015,1,22,11,3,93,517,7,25,2,BUF,5.6,7.5,26.9,2.2,3.4,Unranked,296,Minimal,,
Kay-Jay Harris,2006,2006,1,27,7,0,3,9,0,0,0,STL,3.0,0.0,0.0,0.0,0.0,Unranked,501,Minimal,,
Ke'Shawn Vaughn,2020,2023,4,26,43,1,103,384,2,17,1,TAM,3.7,1.9,16.5,1.0,0.0,Unranked,501,Minimal,,
Keaontay Ingram,2022,2023,2,24,20,1,62,134,1,8,0,ARI,2.2,1.6,12.9,0.0,0.0,Unranked,501,Minimal,,
Keaton Mitchell,2023,2023,1,21,8,2,47,396,2,19,0,BAL,8.4,4.3,40.4,0.0,4.7,Unranked,252,Minimal,,
Keiland Williams,2010,2012,3,26,44,3,125,459,5,26,3,"2TM, DET, WAS",3.7,4.0,20.8,2.4,0.5,Unranked,453,Minimal,,
Keith Ford,2018,2018,1,24,2,1,21,79,0,4,0,BUF,3.8,0.0,19.0,0.0,0.0,Unranked,501,Minimal,,
Keith Toston,2010,2012,2,25,21,1,36,128,0,4,0,"JAX, STL",3.6,0.0,11.1,0.0,0.0,Unranked,501,Minimal,,
Ken Simonton,2003,2003,1,24,2,0,2,4,0,0,0,BUF,2.0,0.0,0.0,0.0,0.0,Unranked,501,Minimal,,
Kendall Gaskins,2015,2015,1,25,9,0,16,38,0,3,0,SFO,2.4,0.0,18.8,0.0,0.0,Unranked,501,Minimal,,
Kendall Hunter,2011,2015,4,27,45,1,263,1204,7,60,2,"NOR, SFO",4.6,2.7,22.8,0.8,3.7,Unranked,285,Minimal,,
Kendre Miller,2023,2023,1,21,8,0,41,156,1,10,0,NOR,3.8,2.4,24.4,0.0,0.0,Unranked,501,Minimal,,
Kene Nwangwu,2021,2023,3,25,37,0,27,88,0,4,0,MIN,3.3,0.0,14.8,0.0,0.0,Unranked,501,Minimal,,
Kenjon Barner,2013,2021,7,32,70,1,104,416,3,22,10,"2TM, ATL, CAR, PHI, TAM",4.0,2.9,21.2,9.6,0.3,Unranked,471,Minimal,,
Kenneth Darby,2007,2010,4,28,41,1,95,408,2,22,1,"STL, TAM",4.3,2.1,23.2,1.1,0.0,Unranked,501,Minimal,,
Kenneth Dixon,2016,2018,2,24,18,0,148,715,4,50,3,BAL,4.8,2.7,33.8,2.0,3.1,Unranked,308,Minimal,,
Kenneth Farrow,2016,2016,1,23,13,2,60,192,0,11,2,SDG,3.2,0.0,18.3,3.3,0.0,Unranked,501,Minimal,,
Kenneth Gainwell,2021,2023,3,24,49,3,205,895,11,55,5,PHI,4.4,5.4,26.8,2.4,4.4,Unranked,262,Minimal,,
Kenneth Walker III,2022,2023,2,23,30,26,447,1955,17,97,1,SEA,4.4,3.8,21.7,0.2,7.5,Unranked,185,Limited,,
Kenny Bynum,2000,2000,1,26,14,0,7,26,0,1,0,SDG,3.7,0.0,14.3,0.0,0.0,Unranked,501,Minimal,,
Kenny Watson,2002,2008,4,30,58,4,180,888,2,47,2,"CIN, WAS",4.9,1.1,26.1,1.1,2.2,Unranked,347,Minimal,,
Kenton Keith,2007,2007,1,27,16,1,121,533,3,42,1,IND,4.4,2.5,34.7,0.8,2.4,Unranked,334,Minimal,,
Kenyan Drake,2016,2023,8,29,104,44,869,3866,33,201,13,"2TM, ARI, BAL, LVR, MIA",4.4,3.8,23.1,1.5,16.6,Unranked,96,Moderate,2017-2019,4.7
Kerrith Whyte Jr,2019,2019,1,23,6,0,24,122,0,5,0,PIT,5.1,0.0,20.8,0.0,0.0,Unranked,501,Minimal,,
Kerry Carter,2003,2004,2,24,32,0,7,13,0,2,0,SEA,1.9,0.0,28.6,0.0,0.0,Unranked,501,Minimal,,
Kerryon Johnson,2018,2020,3,23,34,16,283,1225,8,63,3,DET,4.3,2.8,22.3,1.1,3.6,Unranked,289,Minimal,,
Kerwynn Williams,2014,2017,4,26,37,6,218,971,4,46,2,ARI,4.5,1.8,21.1,0.9,1.8,Unranked,376,Minimal,,
Kevan Barlow,2001,2006,6,27,84,33,1022,3984,30,193,13,"NYJ, SFO",3.9,2.9,18.9,1.3,17.6,Unranked,91,Moderate,2001-2003,4.6
Kevin Faulk,2000,2011,12,35,150,45,797,3380,15,165,22,NWE,4.2,1.9,20.7,2.8,12.3,Unranked,137,Moderate,,
Kevin Harris,2022,2023,2,23,9,1,34,117,2,5,0,NWE,3.4,5.9,14.7,0.0,0.0,Unranked,501,Minimal,,
Kevin Jones,2004,2008,5,26,64,49,795,3176,24,161,11,"CHI, DET",4.0,3.0,20.3,1.4,13.0,Unranked,128,Moderate,2004-2006,4.0
Kevin McDougal,2001,2001,1,24,9,0,17,48,0,4,0,IND,2.8,0.0,23.5,0.0,0.0,Unranked,501,Minimal,,
Kevin Smith,2008,2012,5,26,54,31,598,2346,17,117,6,DET,3.9,2.8,19.6,1.0,8.6,Unranked,174,Limited,,
Keylon Kincade,2006,2006,1,24,1,0,4,9,0,0,0,DAL,2.2,0.0,0.0,0.0,0.0,Unranked,501,Minimal,,
Khalil Herbert,2021,2023,3,25,42,12,364,1775,8,75,2,CHI,4.9,2.2,20.6,0.5,4.8,Unranked,249,Limited,2021-2023,4.8
Khari Blasingame,2021,2021,1,25,11,3,3,6,0,1,1,TEN,2.0,0.0,33.3,33.3,0.0,Unranked,501,Minimal,,
Khiry Robinson,2013,2016,4,27,29,3,194,788,8,51,3,"NOR, NYJ",4.1,4.1,26.3,1.5,3.1,Unranked,308,Minimal,,
Ki-Jana Carter,2001,2004,3,31,24,0,92,397,4,24,1,"NOR, WAS",4.3,4.3,26.1,1.1,1.3,Unranked,405,Minimal,,
Kimble Anders,2000,2000,1,34,15,7,76,331,2,1,1,KAN,4.4,2.6,1.3,1.3,0.0,Unranked,501,Minimal,,
Knile Davis,2013,2016,4,25,57,2,250,805,11,41,7,"2TM, KAN",3.2,4.4,16.4,2.8,2.0,Unranked,364,Minimal,,
Knowshon Moreno,2009,2014,6,27,63,45,876,3616,27,189,10,"DEN, MIA",4.1,3.1,21.6,1.1,15.3,Unranked,102,Moderate,2010-2013,4.1
Kolby Smith,2008,2009,2,25,11,3,50,133,1,6,0,KAN,2.7,2.0,12.0,0.0,0.0,Unranked,501,Minimal,,
Kory Sheets,2009,2009,1,24,2,0,1,5,0,1,0,MIA,5.0,0.0,100.0,0.0,7.7,Unranked,183,Minimal,,
Kregg Lumpkin,2008,2012,4,28,34,0,42,166,0,8,1,"GNB, NYG, TAM",4.0,0.0,19.0,2.4,0.0,Unranked,501,Minimal,,
Kyle Eckel,2007,2009,3,28,24,2,59,175,2,12,0,"NOR, NWE, PHI",3.0,3.4,20.3,0.0,0.0,Unranked,501,Minimal,,
Kyle Juszczyk,2015,2016,2,25,32,18,7,25,1,3,0,BAL,3.6,14.3,42.9,0.0,2.3,Unranked,338,Minimal,,
Kylin Hill,2021,2022,2,24,10,0,11,31,0,2,0,GNB,2.8,0.0,18.2,0.0,0.0,Unranked,501,Minimal,,
Kyren Williams,2022,2023,2,23,22,11,263,1283,12,68,3,LAR,4.9,4.6,25.9,1.1,5.6,Unranked,231,Minimal,,
La'Mical Perine,2020,2023,3,25,17,1,94,340,2,22,0,"KAN, NYJ",3.6,2.1,23.4,0.0,0.0,Unranked,501,Minimal,,
LaBrandon Toefield,2003,2007,5,27,45,3,163,572,7,30,1,JAX,3.5,4.3,18.4,0.6,0.9,Unranked,428,Minimal,,
LaDainian Tomlinson,2001,2011,11,32,170,155,3174,13684,145,701,31,"NYJ, SDG",4.3,4.6,22.1,1.0,77.9,Unranked,2,Extended,2005-2007,4.7
LaMichael James,2012,2014,3,25,17,0,44,193,0,12,3,"2TM, SFO",4.4,0.0,27.3,6.8,0.0,Unranked,501,Minimal,,
LaMont Jordan,2001,2009,9,31,114,29,897,3734,28,201,9,"DEN, NWE, NYJ, OAK",4.2,3.1,22.4,1.0,17.3,Unranked,93,Moderate,2005-2007,3.8
LaRod Stephens-Howling,2009,2013,5,26,58,10,188,670,5,25,1,"ARI, PIT",3.6,2.7,13.3,0.5,0.0,Unranked,501,Minimal,,
Ladell Betts,2002,2010,9,31,111,14,821,3326,15,175,14,"NOR, WAS",4.1,1.8,21.3,1.7,12.4,Unranked,134,Moderate,,
Lamar Gordon,2002,2006,5,26,41,15,226,774,3,49,9,"DET, MIA, PHI, STL",3.4,1.3,21.7,4.0,0.8,Unranked,434,Minimal,,
Lamar Miller,2012,2018,7,27,105,89,1354,5864,32,273,9,"HOU, MIA",4.3,2.4,20.2,0.7,20.9,Unranked,67,Moderate,2013-2015,4.5
Lamar Smith,2000,2003,4,33,46,42,842,2905,27,149,11,"CAR, MIA, NOR",3.5,3.2,17.7,1.3,13.3,Unranked,121,Moderate,2000-2002,3.4
Lamont Warren,2001,2002,2,29,19,4,67,199,3,12,1,DET,3.0,4.5,17.9,1.5,0.0,Unranked,501,Minimal,,
Lance Ball,2008,2012,4,27,42,0,192,801,2,49,5,"DEN, IND",4.2,1.0,25.5,2.6,1.4,Unranked,396,Minimal,,
Lance Dunbar,2012,2017,6,27,58,0,105,473,2,28,3,"DAL, LAR",4.5,1.9,26.7,2.9,0.8,Unranked,434,Minimal,,
Larry Croom,2004,2004,1,23,6,1,29,76,0,3,2,ARI,2.6,0.0,10.3,6.9,0.0,Unranked,501,Minimal,,
Larry Johnson,2003,2011,9,32,85,55,1427,6223,55,356,15,"2TM, KAN, MIA, WAS",4.4,3.9,24.9,1.1,33.1,Unranked,29,Moderate,2004-2006,4.8
Larry Rountree,2021,2022,2,23,16,0,49,106,1,5,0,LAC,2.2,2.0,10.2,0.0,0.0,Unranked,501,Minimal,,
Latavius Murray,2014,2023,10,33,151,80,1560,6552,59,366,11,"2TM, BAL, BUF, MIN, NOR, OAK",4.2,3.8,23.5,0.7,30.2,Unranked,36,Extended,2019-2021,4.4
Laurence Maroney,2006,2010,5,25,49,17,618,2504,21,140,6,"DEN, NWE",4.1,3.4,22.7,1.0,10.9,Unranked,146,Limited,2006-2009,4.2
Le'Ron McClain,2013,2013,1,29,16,2,11,32,0,7,0,SDG,2.9,0.0,63.6,0.0,1.9,Unranked,370,Minimal,,
Le'Veon Bell,2013,2021,8,29,96,81,1595,6554,42,362,10,"2TM, NYJ, PIT",4.1,2.6,22.7,0.6,26.3,Unranked,51,Extended,2014-2016,4.8
LeGarrette Blount,2010,2018,9,32,132,62,1495,6306,56,345,19,"2TM, DET, NWE, PHI, TAM",4.2,3.7,23.1,1.3,30.6,Unranked,33,Moderate,2010-2013,4.7
LeSean McCoy,2009,2020,12,32,170,141,2457,11102,73,555,25,"BUF, KAN, PHI, TAM",4.5,3.0,22.6,1.0,48.1,Unranked,8,Extended,2010-2012,4.7
LeShun Daniels,2017,2017,1,22,4,0,3,14,0,0,0,WAS,4.7,0.0,0.0,0.0,0.0,Unranked,501,Minimal,,
LeVante Bellamy,2020,2020,1,24,5,0,4,11,0,0,0,DEN,2.8,0.0,0.0,0.0,0.0,Unranked,501,Minimal,,
Lee Suggs,2003,2006,4,26,29,3,269,1074,4,54,8,"CLE, MIA",4.0,1.5,20.1,3.0,2.0,Unranked,364,Minimal,,
LenDale White,2006,2009,4,25,58,18,628,2349,24,127,7,TEN,3.7,3.8,20.2,1.1,10.5,Unranked,150,Limited,,
Lennox Gordon,2000,2000,1,22,9,0,4,13,0,1,0,IND,3.2,0.0,25.0,0.0,0.0,Unranked,501,Minimal,,
Leon Johnson,2001,2003,3,29,42,4,127,454,5,36,6,"CHI, SDG",3.6,3.9,28.3,4.7,1.8,Unranked,376,Minimal,,
Leon Washington,2006,2014,9,32,126,14,487,2271,16,88,22,"2TM, NYJ, SEA, TEN",4.7,3.3,18.1,4.5,8.1,Unranked,177,Limited,,
Leonard Fournette,2017,2023,7,28,81,61,1144,4518,34,236,4,"BUF, JAX, TAM",3.9,3.0,20.6,0.3,18.1,Unranked,88,Moderate,2019-2022,4.1
Leonard Henry,2004,2004,1,26,6,2,46,141,0,5,1,MIA,3.1,0.0,10.9,2.2,0.0,Unranked,501,Minimal,,
Leonard Weaver,2005,2010,3,28,33,4,51,226,1,16,0,"PHI, SEA",4.4,2.0,31.4,0.0,0.3,Unranked,471,Minimal,,
Lex Hilliard,2009,2011,2,27,32,4,39,130,2,14,0,MIA,3.3,5.1,35.9,0.0,0.6,Unranked,445,Minimal,,
Lorenzo Booker,2007,2011,3,27,32,2,61,230,0,13,3,"MIA, MIN, PHI",3.8,0.0,21.3,4.9,0.0,Unranked,501,Minimal,,
Lorenzo Taliaferro,2014,2016,3,25,19,0,82,339,5,19,1,BAL,4.1,6.1,23.2,1.2,0.9,Unranked,428,Minimal,,
Louis Rankin,2009,2009,1,24,9,0,8,36,0,6,1,2TM,4.5,0.0,75.0,12.5,5.0,Unranked,237,Minimal,,
Lousaka Polite,2005,2006,2,25,26,3,9,26,0,2,0,DAL,2.9,0.0,22.2,0.0,0.0,Unranked,501,Minimal,,
Luke Lawton,2007,2007,1,27,11,0,5,13,0,1,0,IND,2.6,0.0,20.0,0.0,0.0,Unranked,501,Minimal,,
Lynell Hamilton,2009,2009,1,24,9,1,35,125,2,12,0,NOR,3.6,5.7,34.3,0.0,0.6,Unranked,445,Minimal,,
Malcolm Brown,2015,2022,8,29,88,5,349,1394,13,75,3,"LAR, MIA, STL",4.0,3.7,21.5,0.9,5.0,Unranked,237,Limited,,
Malik Davis,2022,2022,1,24,12,0,38,161,1,6,0,DAL,4.2,2.6,15.8,0.0,0.0,Unranked,501,Minimal,,
Manase Tonga,2011,2011,1,27,11,3,1,12,0,1,0,OAK,12.0,0.0,100.0,0.0,12.5,Unranked,133,Minimal,,
Marcel Reece,2012,2016,5,31,66,51,138,610,2,31,3,"OAK, SEA",4.4,1.4,22.5,2.2,0.5,Unranked,453,Minimal,,
Marcel Shipp,2002,2007,5,29,77,28,605,2197,11,117,11,ARI,3.6,1.8,19.3,1.8,7.2,Unranked,194,Limited,2002-2005,3.6
Marcus Mason,2009,2009,1,25,10,0,32,127,0,4,0,WAS,4.0,0.0,12.5,0.0,0.0,Unranked,501,Minimal,,
Marcus Murphy,2015,2018,3,27,25,1,60,291,0,9,4,"BUF, NOR",4.8,0.0,15.0,6.7,0.0,Unranked,501,Minimal,,
Marcus Thigpen,2012,2015,3,29,41,0,8,25,0,2,7,"2TM, MIA",3.1,0.0,25.0,87.5,0.8,Unranked,434,Minimal,,
Mario Bates,2000,2000,1,27,13,0,31,127,2,12,0,DET,4.1,6.5,38.7,0.0,1.7,Unranked,382,Minimal,,
Marion Barber III,2005,2011,7,28,99,42,1156,4780,53,300,16,"CHI, DAL",4.1,4.6,26.0,1.4,26.5,Unranked,50,Moderate,2005-2007,4.5
Marion Grice,2014,2014,1,23,10,0,15,41,1,3,0,ARI,2.7,6.7,20.0,0.0,0.0,Unranked,501,Minimal,,
Mark Ingram,2011,2022,12,33,156,100,1817,8111,65,413,19,"2TM, BAL, NOR",4.5,3.6,22.7,1.0,37.6,Unranked,23,Extended,2016-2018,4.9
Mark Walton,2018,2019,2,22,21,4,67,235,0,16,1,"CIN, MIA",3.5,0.0,23.9,1.5,0.0,Unranked,501,Minimal,,
Marlion Jackson,2006,2006,1,29,1,0,1,2,0,0,0,ATL,2.0,0.0,0.0,0.0,0.0,Unranked,501,Minimal,,
Marlon Barnes,2000,2000,1,24,13,0,15,81,0,4,1,CHI,5.4,0.0,26.7,6.7,0.0,Unranked,501,Minimal,,
Marlon Mack,2017,2022,6,26,55,23,583,2568,21,149,3,"2TM, IND",4.4,3.6,25.6,0.5,10.9,Unranked,146,Limited,,
Marquis Weeks,2006,2006,1,26,10,0,3,8,0,0,0,SEA,2.7,0.0,0.0,0.0,0.0,Unranked,501,Minimal,,
Marshall Faulk,2000,2005,6,32,83,64,1194,5578,51,314,11,STL,4.7,4.3,26.3,0.9,30.2,Unranked,36,Moderate,2000-2002,5.1
Marshawn Lynch,2007,2019,12,33,149,135,2453,10413,85,573,27,"2TM, BUF, OAK, SEA",4.2,3.5,23.4,1.1,50.0,Unranked,6,Extended,2012-2014,4.6
Matt Asiata,2012,2016,5,29,74,16,361,1259,18,77,3,MIN,3.5,5.0,21.3,0.8,5.8,Unranked,223,Limited,,
Matt Breida,2017,2023,7,28,98,24,575,2652,9,118,8,"BUF, MIA, NYG, SFO",4.6,1.6,20.5,1.4,7.3,Unranked,190,Limited,2017-2019,4.9
Matt Forte,2008,2017,10,32,146,137,2356,9796,54,469,22,"CHI, NYJ",4.2,2.3,19.9,0.9,39.2,Unranked,19,Extended,2011-2013,4.6
Matt Jones,2015,2017,3,24,25,7,248,964,6,60,8,"IND, WAS",3.9,2.4,24.2,3.2,2.6,Unranked,324,Minimal,,
Matt Lawrence,2009,2009,1,24,8,0,4,0,0,0,0,BAL,0.0,0.0,0.0,0.0,0.0,Unranked,501,Minimal,,
Matthew Dayes,2017,2017,1,23,16,0,5,13,0,1,0,CLE,2.6,0.0,20.0,0.0,0.0,Unranked,501,Minimal,,
Maurice Hicks,2004,2007,4,29,55,5,205,869,6,40,8,SFO,4.2,2.9,19.5,3.9,1.9,Unranked,370,Minimal,,
Maurice Jones-Drew,2006,2014,9,29,126,71,1847,8167,68,430,23,"JAX, OAK",4.4,3.7,23.3,1.2,38.8,Unranked,22,Extended,2006-2008,4.8
Maurice Morris,2002,2011,10,32,145,38,867,3648,13,183,9,"DET, SEA",4.2,1.5,21.1,1.0,12.7,Unranked,131,Moderate,2006-2008,4.2
Maurice Smith,2000,2001,2,25,26,12,256,829,5,43,1,ATL,3.2,2.0,16.8,0.4,0.5,Unranked,453,Minimal,,
Mekhi Sargent,2021,2021,1,24,7,0,5,11,0,1,0,3TM,2.2,0.0,20.0,0.0,0.0,Unranked,501,Minimal,,
Melvin Gordon,2015,2023,9,30,112,94,1593,6543,56,358,27,"BAL, DEN, LAC, SDG",4.1,3.5,22.5,1.7,29.2,Unranked,40,Extended,2018-2020,4.5
Mewelde Moore,2004,2012,9,30,122,15,507,2267,6,113,11,"IND, MIN, PIT",4.5,1.2,22.3,2.2,6.4,Unranked,207,Limited,,
Michael Bates,2000,2000,1,31,16,0,5,13,0,0,4,CAR,2.6,0.0,0.0,80.0,0.0,Unranked,501,Minimal,,
Michael Bennett,2001,2010,10,32,107,50,842,3703,13,158,15,"2TM, KAN, MIN, OAK, SDG",4.4,1.5,18.8,1.8,12.1,Unranked,139,Moderate,2001-2005,4.3
Michael Burton,2017,2022,4,30,64,7,24,60,1,18,0,"CHI, KAN, NOR",2.5,4.2,75.0,0.0,4.0,Unranked,277,Minimal,,
Michael Bush,2008,2013,6,29,89,20,809,3250,29,163,5,"CHI, OAK",4.0,3.6,20.1,0.6,14.3,Unranked,113,Moderate,2009-2011,4.2
Michael Carter,2021,2023,3,24,45,21,291,1228,7,52,3,"2TM, NYJ",4.2,2.4,17.9,1.0,2.5,Unranked,329,Minimal,,
Michael Cox,2013,2014,2,26,18,1,26,76,0,2,0,NYG,2.9,0.0,7.7,0.0,0.0,Unranked,501,Minimal,,
Michael Hill,2013,2013,1,24,8,0,9,23,0,2,0,2TM,2.6,0.0,22.2,0.0,0.0,Unranked,501,Minimal,,
Michael Pittman,2000,2008,9,33,126,80,1299,5247,23,255,27,"ARI, DEN, TAM",4.0,1.8,19.6,2.1,20.0,Unranked,74,Moderate,2002-2004,3.9
Michael Turner,2004,2012,9,30,134,74,1639,7338,66,358,17,"ATL, SDG",4.5,4.0,21.8,1.0,35.1,Unranked,26,Extended,2008-2010,4.5
Michael Wiley,2000,2002,3,24,42,1,80,503,1,24,4,DAL,6.3,1.2,30.0,5.0,2.3,Unranked,338,Minimal,,
Mike Alstott,2003,2003,1,30,4,3,27,77,2,9,0,TAM,2.9,7.4,33.3,0.0,0.2,Unranked,486,Minimal,,
Mike Anderson,2000,2007,5,34,71,34,765,3424,32,188,9,"BAL, DEN",4.5,4.2,24.6,1.2,17.9,Unranked,89,Moderate,2000-2005,4.4
Mike Bell,2006,2010,5,27,53,7,395,1475,14,95,6,"2TM, DEN, NOR",3.7,3.5,24.1,1.5,6.3,Unranked,209,Limited,,
Mike Boone,2018,2022,5,27,57,2,99,516,4,21,0,"DEN, MIN",5.2,4.0,21.2,0.0,1.2,Unranked,413,Minimal,,
Mike Cloud,2000,2005,6,30,67,7,158,520,12,38,0,"2TM, KAN, NWE, NYG",3.3,7.6,24.1,0.0,3.3,Unranked,301,Minimal,,
Mike Davis,2015,2022,8,29,87,30,558,2052,14,105,7,"2TM, ATL, BAL, CAR, SEA, SFO",3.7,2.5,18.8,1.3,6.5,Unranked,205,Limited,2018-2021,4.0
Mike Gillislee,2013,2018,5,28,36,4,274,1291,16,78,4,"BUF, MIA, NOR, NWE",4.7,5.8,28.5,1.5,7.0,Unranked,199,Minimal,,
Mike Goodson,2009,2013,4,26,38,3,167,783,3,29,7,"CAR, NYJ, OAK",4.7,1.8,17.4,4.2,0.7,Unranked,441,Minimal,,
Mike Green,2001,2002,2,26,31,3,36,142,1,8,1,TEN,3.9,2.8,22.2,2.8,0.0,Unranked,501,Minimal,,
Mike Hart,2008,2010,3,24,21,1,71,264,2,16,1,IND,3.7,2.8,22.5,1.4,0.0,Unranked,501,Minimal,,
Mike James,2013,2016,3,25,23,3,83,351,0,19,0,TAM,4.2,0.0,22.9,0.0,0.0,Unranked,501,Minimal,,
Mike Tolbert,2009,2017,9,32,130,37,683,2612,34,171,10,"BUF, CAR, SDG",3.8,5.0,25.0,1.5,15.0,Unranked,105,Limited,2010-2013,3.9
Mikel Leshoure,2012,2013,2,23,17,14,217,807,9,47,3,DET,3.7,4.1,21.7,1.4,2.5,Unranked,329,Minimal,,
Miles Sanders,2019,2023,5,26,73,54,868,4140,21,188,11,"CAR, PHI",4.8,2.4,21.7,1.3,14.2,Unranked,114,Moderate,2020-2022,5.2
Moe Williams,2000,2005,6,31,83,11,389,1698,19,106,5,"BAL, MIN",4.4,4.9,27.2,1.3,9.8,Unranked,158,Limited,,
Montario Hardesty,2011,2012,2,25,23,5,153,537,1,18,3,CLE,3.5,0.7,11.8,2.0,0.0,Unranked,501,Minimal,,
Montee Ball,2013,2014,2,24,21,3,175,731,5,44,4,DEN,4.2,2.9,25.1,2.3,2.0,Unranked,364,Minimal,,
Montell Owens,2008,2012,4,28,58,4,56,292,3,17,0,JAX,5.2,5.4,30.4,0.0,1.8,Unranked,376,Minimal,,
Moran Norris,2007,2009,2,31,32,12,21,58,1,9,1,SFO,2.8,4.8,42.9,4.8,0.8,Unranked,434,Minimal,,
Mossis Madu,2011,2011,1,24,9,0,15,55,0,3,0,TAM,3.7,0.0,20.0,0.0,0.0,Unranked,501,Minimal,,
Musa Smith,2003,2007,4,25,48,1,132,496,4,28,3,BAL,3.8,3.0,21.2,2.3,0.4,Unranked,461,Minimal,,
Myles Gaskin,2019,2022,4,25,38,17,361,1355,7,61,4,MIA,3.8,1.9,16.9,1.1,2.6,Unranked,324,Limited,,
Najee Harris,2021,2023,3,25,51,51,834,3269,22,158,5,PIT,3.9,2.6,18.9,0.6,11.5,Unranked,144,Moderate,2021-2023,3.9
Najeh Davenport,2002,2008,7,29,73,3,394,1819,13,104,10,"2TM, GNB, PIT",4.6,3.3,26.4,2.5,8.3,Unranked,176,Limited,,
Napoleon Kaufman,2000,2000,1,27,14,2,93,499,0,22,1,OAK,5.4,0.0,23.7,1.1,0.2,Unranked,486,Minimal,,
Nate Eachus,2012,2012,1,22,11,2,5,18,0,0,0,KAN,3.6,0.0,0.0,0.0,0.0,Unranked,501,Minimal,,
Nate McCrary,2021,2021,1,22,1,0,1,-1,0,0,0,BAL,-1.0,0.0,0.0,0.0,0.0,Unranked,501,Minimal,,
Nathan Cottrell,2021,2021,1,25,4,0,1,3,0,0,0,JAX,3.0,0.0,0.0,0.0,0.0,Unranked,501,Minimal,,
Naufahu Tahi,2007,2009,2,28,25,2,9,20,0,1,0,MIN,2.2,0.0,11.1,0.0,0.0,Unranked,501,Minimal,,
Nick Chubb,2018,2023,6,28,77,70,1238,6511,48,303,7,CLE,5.3,3.9,24.5,0.6,27.0,Unranked,46,Moderate,2019-2021,5.4
Nick Goings,2001,2008,7,30,101,13,400,1470,6,75,5,CAR,3.7,1.5,18.8,1.2,3.4,Unranked,296,Limited,,
Noah Herron,2005,2006,2,24,23,0,85,273,3,25,2,"2TM, GNB",3.2,3.5,29.4,2.4,0.3,Unranked,471,Minimal,,
Nyheim Hines,2018,2022,5,26,81,17,306,1202,10,74,7,"2TM, IND",3.9,3.3,24.2,2.3,4.3,Unranked,267,Limited,,
Obafemi Ayanbadejo,2000,2006,4,31,54,8,47,118,1,14,3,"ARI, BAL, MIA",2.5,2.1,29.8,6.4,0.0,Unranked,501,Minimal,,
Olandis Gary,2000,2003,4,28,36,4,220,839,4,43,1,"DEN, DET",3.8,1.8,19.5,0.5,1.0,Unranked,422,Minimal,,
Onterrio Smith,2003,2004,2,24,26,9,231,1123,7,47,3,MIN,4.9,3.0,20.3,1.3,3.5,Unranked,291,Minimal,,
Orleans Darkwa,2014,2017,4,25,52,13,246,1038,9,51,1,"2TM, NYG",4.2,3.7,20.7,0.4,3.1,Unranked,308,Minimal,,
Owen Marecic,2011,2011,1,23,14,4,4,8,0,1,1,CLE,2.0,0.0,25.0,25.0,0.0,Unranked,501,Minimal,,
Owen Schmitt,2008,2012,2,27,28,5,7,22,0,2,0,"OAK, SEA",3.1,0.0,28.6,0.0,0.0,Unranked,501,Minimal,,
P.J. Pope,2008,2008,1,24,5,1,17,130,0,6,0,DEN,7.6,0.0,35.3,0.0,2.0,Unranked,364,Minimal,,
Patrick Cobbs,2007,2010,4,27,51,3,37,171,2,9,1,MIA,4.6,5.4,24.3,2.7,0.2,Unranked,486,Minimal,,
Patrick DiMarco,2015,2015,1,26,16,8,1,0,0,0,0,ATL,0.0,0.0,0.0,0.0,0.0,Unranked,501,Minimal,,
Patrick Laird,2019,2021,3,26,37,4,76,244,1,13,1,MIA,3.2,1.3,17.1,1.3,0.0,Unranked,501,Minimal,,
Patrick Taylor,2021,2023,3,25,34,0,65,261,1,14,0,GNB,4.0,1.5,21.5,0.0,0.0,Unranked,501,Minimal,,
Paul Lasike,2016,2016,1,26,10,3,3,8,0,3,0,CHI,2.7,0.0,100.0,0.0,5.7,Unranked,227,Minimal,,
Paul Perkins,2016,2019,3,25,29,5,165,575,0,30,1,"DET, NYG",3.5,0.0,18.2,0.6,0.0,Unranked,501,Minimal,,
Paul Smith,2000,2003,4,25,43,0,42,194,1,10,3,"DET, SFO",4.6,2.4,23.8,7.1,0.0,Unranked,501,Minimal,,
Peyton Barber,2016,2021,6,27,89,31,700,2457,21,137,6,"LVR, TAM, WAS",3.5,3.0,19.6,0.9,9.4,Unranked,165,Limited,2017-2019,3.6
Peyton Hillis,2008,2014,7,28,81,34,696,2832,23,156,15,"CLE, DEN, KAN, NYG",4.1,3.3,22.4,2.2,12.3,Unranked,137,Limited,,
Phillip Lindsay,2018,2022,5,28,59,33,637,2848,18,118,0,"2TM, DEN, IND",4.5,2.8,18.5,0.0,9.3,Unranked,166,Limited,2018-2020,4.7
Phillip Tanner,2011,2013,3,25,39,0,56,149,2,11,1,DAL,2.7,3.6,19.6,1.8,0.0,Unranked,501,Minimal,,
Pierre Strong,2022,2023,2,25,32,1,73,391,2,15,1,"CLE, NWE",5.4,2.7,20.5,1.4,0.3,Unranked,471,Minimal,,
Pierre Thomas,2007,2015,9,31,110,38,833,3809,28,212,6,"2TM, NOR",4.6,3.4,25.5,0.7,17.1,Unranked,94,Moderate,2008-2011,5.1
Priest Holmes,2000,2007,7,34,81,65,1458,6658,78,409,13,"BAL, KAN",4.6,5.3,28.1,0.9,41.4,Unranked,14,Moderate,2001-2003,4.8
Qadree Ollison,2019,2021,3,25,19,0,44,158,5,14,2,ATL,3.6,11.4,31.8,4.5,2.1,Unranked,360,Minimal,,
Quentin Griffin,2003,2004,2,23,16,5,179,656,2,30,6,DEN,3.7,1.1,16.8,3.4,0.0,Unranked,501,Minimal,,
Quincy Wilson,2006,2006,1,25,3,0,2,2,0,0,0,CIN,1.0,0.0,0.0,0.0,0.0,Unranked,501,Minimal,,
Quinton Ganther,2008,2010,3,26,32,5,80,280,3,17,0,"2TM, TEN, WAS",3.5,3.8,21.2,0.0,0.0,Unranked,501,Minimal,,
R.J. Bowers,2001,2001,1,27,3,0,18,84,1,5,0,PIT,4.7,5.6,27.8,0.0,0.1,Unranked,495,Minimal,,
Rabih Abdullah,2000,2004,4,29,52,0,58,160,1,14,0,"CHI, NWE, TAM",2.8,1.7,24.1,0.0,0.0,Unranked,501,Minimal,,
Rachaad White,2022,2023,2,24,34,25,401,1471,7,73,6,TAM,3.7,1.7,18.2,1.5,3.1,Unranked,308,Limited,,
Rafael Cooper,2002,2002,1,27,5,0,12,57,0,4,0,DET,4.8,0.0,33.3,0.0,0.0,Unranked,501,Minimal,,
Raheem Blackshear,2022,2023,2,24,25,1,37,123,3,8,1,CAR,3.3,8.1,21.6,2.7,0.0,Unranked,501,Minimal,,
Raheem Mostert,2016,2023,8,31,79,38,674,3513,32,171,10,"2TM, MIA, SFO",5.2,4.7,25.4,1.5,15.9,Unranked,98,Limited,2019-2022,5.2
Ran Carthon,2005,2006,2,25,9,0,16,22,2,4,1,IND,1.4,12.5,25.0,6.2,0.0,Unranked,501,Minimal,,
Randy Jordan,2000,2002,3,32,46,0,62,286,4,12,1,OAK,4.6,6.5,19.4,1.6,0.5,Unranked,453,Minimal,,
Rashaad Penny,2018,2023,6,27,45,11,348,1951,13,79,2,"PHI, SEA",5.6,3.7,22.7,0.6,7.1,Unranked,196,Limited,,
Rashad Jennings,2009,2016,7,31,93,54,930,3772,23,193,8,"JAX, NYG, OAK",4.1,2.5,20.8,0.9,14.6,Unranked,107,Moderate,2013-2015,4.2
Rashard Mendenhall,2008,2013,6,26,72,63,1081,4236,37,214,13,"ARI, PIT",3.9,3.4,19.8,1.2,19.0,Unranked,82,Moderate,2009-2011,4.2
Ray Agnew,2014,2014,1,23,12,9,2,2,0,1,0,CLE,1.0,0.0,50.0,0.0,0.0,Unranked,501,Minimal,,
Ray Graham,2013,2013,1,23,1,0,4,8,0,0,0,HOU,2.0,0.0,0.0,0.0,0.0,Unranked,501,Minimal,,
Ray Rice,2008,2013,6,26,92,80,1430,6180,37,261,9,BAL,4.3,2.6,18.3,0.6,23.7,Unranked,56,Moderate,2009-2011,4.7
Raymont Harris,2000,2000,1,30,4,0,13,36,0,2,0,2TM,2.8,0.0,15.4,0.0,0.0,Unranked,501,Minimal,,
ReShard Lee,2004,2006,3,26,37,4,59,216,3,16,3,"DAL, GNB, OAK",3.7,5.1,27.1,5.1,0.4,Unranked,461,Minimal,,
Reggie Bonnafon,2019,2021,3,25,22,0,29,189,1,6,0,CAR,6.5,3.4,20.7,0.0,0.3,Unranked,471,Minimal,,
Reggie Brown,2000,2000,1,27,12,1,3,6,0,1,0,SEA,2.0,0.0,33.3,0.0,0.0,Unranked,501,Minimal,,
Reggie Bush,2006,2016,11,31,134,96,1286,5490,36,255,33,"BUF, DET, MIA, NOR, SFO",4.3,2.8,19.8,2.6,22.3,Unranked,62,Moderate,2011-2013,4.6
Reno Mahe,2004,2006,3,26,38,1,47,196,0,9,7,PHI,4.2,0.0,19.1,14.9,0.0,Unranked,501,Minimal,,
Reuben Droughns,2001,2007,7,29,102,51,929,3602,19,203,17,"CLE, DEN, DET, NYG",3.9,2.0,21.9,1.8,14.6,Unranked,107,Moderate,2004-2006,4.0
Rex Burkhead,2014,2022,9,32,114,14,488,1908,17,120,7,"CIN, HOU, NWE",3.9,3.5,24.6,1.4,8.0,Unranked,180,Limited,,
Rhamondre Stevenson,2021,2023,3,25,41,21,499,2265,14,118,7,NWE,4.5,2.8,23.6,1.4,8.1,Unranked,177,Limited,2021-2023,4.5
Rich Alexis,2006,2006,1,25,1,0,3,5,0,0,0,JAX,1.7,0.0,0.0,0.0,0.0,Unranked,501,Minimal,,
Richard Huntley,2000,2002,3,30,30,10,214,884,5,43,4,"CAR, DET, PIT",4.1,2.3,20.1,1.9,1.7,Unranked,382,Minimal,,
Richard Murphy,2012,2012,1,26,5,0,23,92,0,3,0,JAX,4.0,0.0,13.0,0.0,0.0,Unranked,501,Minimal,,
Ricky Watters,2000,2001,2,32,21,20,350,1560,8,75,6,SEA,4.5,2.3,21.4,1.7,5.0,Unranked,237,Limited,,
Ricky Williams,2000,2011,12,34,158,75,2237,9315,66,466,48,"BAL, IND, MIA, NOR",4.2,3.0,20.8,2.1,44.1,Unranked,12,Extended,2005-2009,4.4
Rico Dowdle,2020,2023,2,25,31,0,96,385,2,18,0,DAL,4.0,2.1,18.8,0.0,0.0,Unranked,501,Minimal,,
Robert Chancey,2000,2000,1,28,4,3,42,141,2,9,0,SDG,3.4,4.8,21.4,0.0,0.0,Unranked,501,Minimal,,
Robert Edwards,2002,2002,1,28,12,0,20,107,1,7,0,MIA,5.4,5.0,35.0,0.0,1.6,Unranked,386,Minimal,,
Robert Holcombe,2001,2003,3,28,39,0,123,485,2,30,4,"STL, TEN",3.9,1.6,24.4,3.3,0.2,Unranked,486,Minimal,,
Robert Hughes,2012,2014,2,25,21,5,8,16,0,4,0,"ARI, IND",2.0,0.0,50.0,0.0,0.0,Unranked,501,Minimal,,
Robert Kelley,2016,2018,3,26,24,16,234,906,9,38,0,WAS,3.9,3.8,16.2,0.0,1.9,Unranked,370,Minimal,,
Robert Smith,2000,2000,1,28,16,16,295,1521,7,63,4,MIN,5.2,2.4,21.4,1.4,4.9,Unranked,241,Minimal,,
Robert Turbin,2012,2018,7,29,81,4,355,1354,9,91,3,"2TM, IND, SEA",3.8,2.5,25.6,0.8,4.6,Unranked,254,Limited,,
Roc Thomas,2018,2018,1,23,5,0,8,30,0,2,0,MIN,3.8,0.0,25.0,0.0,0.0,Unranked,501,Minimal,,
Rod Smart,2001,2005,5,28,53,0,29,67,0,5,4,"CAR, PHI",2.3,0.0,17.2,13.8,0.0,Unranked,501,Minimal,,
Rod Smith,2015,2018,3,26,42,2,101,364,5,28,0,"2TM, DAL",3.6,5.0,27.7,0.0,1.1,Unranked,416,Minimal,,
Rodney Smith,2020,2020,1,24,7,1,41,156,1,14,1,CAR,3.8,2.4,34.1,2.4,0.2,Unranked,486,Minimal,,
Rodney Thomas,2000,2001,2,28,28,0,98,301,0,11,1,"ATL, TEN",3.1,0.0,11.2,1.0,0.0,Unranked,501,Minimal,,
Ron Dayne,2000,2007,7,29,96,28,983,3722,28,222,7,"DEN, HOU, NYG",3.8,2.8,22.6,0.7,17.6,Unranked,91,Moderate,2002-2007,3.8
Ron Rivers,2000,2000,1,29,6,0,8,27,0,1,0,ATL,3.4,0.0,12.5,0.0,0.0,Unranked,501,Minimal,,
Ronald Jones II,2018,2022,5,25,61,25,505,2244,19,113,7,"KAN, TAM",4.4,3.8,22.4,1.4,8.9,Unranked,171,Limited,2019-2021,4.5
Rondell Mealey,2001,2002,2,25,14,1,22,73,1,4,0,GNB,3.3,4.5,18.2,0.0,0.0,Unranked,501,Minimal,,
Ronney Jenkins,2000,2001,2,24,32,0,9,5,0,0,4,SDG,0.6,0.0,0.0,44.4,0.0,Unranked,501,Minimal,,
Ronnie Brown,2005,2014,10,33,132,74,1281,5391,38,295,14,"2TM, MIA, PHI, SDG",4.2,3.0,23.0,1.1,23.7,Unranked,56,Moderate,2007-2009,4.6
Ronnie Cruz,2006,2006,1,25,5,3,5,19,0,0,0,KAN,3.8,0.0,0.0,0.0,0.0,Unranked,501,Minimal,,
Ronnie Hillman,2012,2016,5,25,56,15,494,1976,12,104,8,"2TM, DEN",4.0,2.4,21.1,1.6,6.3,Unranked,209,Limited,,
Ronnie Rivers,2022,2023,2,24,17,2,41,150,0,5,0,LAR,3.7,0.0,12.2,0.0,0.0,Unranked,501,Minimal,,
Ronnie Wingo,2013,2013,1,22,2,0,1,4,0,0,0,BUF,4.0,0.0,0.0,0.0,0.0,Unranked,501,Minimal,,
Roosevelt Nix,2017,2018,2,26,32,4,4,4,1,1,0,PIT,1.0,25.0,25.0,0.0,0.1,Unranked,495,Minimal,,
Roschon Johnson,2023,2023,1,22,15,0,81,352,2,16,1,CHI,4.3,2.5,19.8,1.2,0.0,Unranked,501,Minimal,,
Roy Helu,2011,2015,5,27,57,5,272,1171,7,65,6,"OAK, WAS",4.3,2.6,23.9,2.2,3.7,Unranked,285,Minimal,,
Royce Freeman,2018,2023,6,27,79,9,471,1792,10,94,2,"2TM, DEN, HOU, LAR",3.8,2.1,20.0,0.4,5.0,Unranked,237,Limited,,
Rudi Johnson,2002,2008,7,29,93,63,1517,5979,49,319,15,"CIN, DET",3.9,3.2,21.0,1.0,29.5,Unranked,38,Extended,2003-2005,4.3
Ryan Grant,2007,2012,6,30,68,53,956,4148,27,201,8,"2TM, GNB",4.3,2.8,21.0,0.8,16.5,Unranked,97,Moderate,2007-2009,4.5
Ryan Mathews,2010,2016,7,29,86,66,1184,5261,37,259,21,"PHI, SDG",4.4,3.1,21.9,1.8,22.4,Unranked,61,Moderate,2013-2016,4.6
Ryan Moats,2005,2009,4,27,38,3,204,831,8,48,6,"HOU, PHI",4.1,3.9,23.5,2.9,3.0,Unranked,312,Minimal,,
Ryan Nall,2019,2021,3,26,33,0,6,12,0,1,0,CHI,2.0,0.0,16.7,0.0,0.0,Unranked,501,Minimal,,
Ryan Torain,2008,2011,3,25,20,13,238,1011,6,44,3,"DEN, WAS",4.2,2.5,18.5,1.3,2.0,Unranked,364,Minimal,,
Ryan Williams,2012,2012,1,22,5,3,58,164,0,8,2,ARI,2.8,0.0,13.8,3.4,0.0,Unranked,501,Minimal,,
Ryquell Armstead,2019,2021,2,25,18,1,50,188,0,8,0,JAX,3.8,0.0,16.0,0.0,0.0,Unranked,501,Minimal,,
Salvon Ahmed,2020,2023,4,25,38,4,163,593,5,33,0,MIA,3.6,3.1,20.2,0.0,0.5,Unranked,453,Minimal,,
Samaje Perine,2017,2023,7,28,93,12,454,1830,8,86,5,"2TM, CIN, DEN, WAS",4.0,1.8,18.9,1.1,4.4,Unranked,262,Limited,,
Samkon Gado,2005,2009,5,27,41,8,268,972,11,76,6,"2TM, GNB, STL",3.6,4.1,28.4,2.2,4.8,Unranked,249,Minimal,,
Sammy Morris,2000,2011,12,34,144,37,736,3053,26,192,12,"BUF, DAL, MIA, NWE",4.1,3.5,26.1,1.6,15.7,Unranked,99,Limited,,
Saquon Barkley,2018,2023,6,26,74,74,1201,5211,35,236,6,NYG,4.3,2.9,19.7,0.5,19.6,Unranked,76,Moderate,2018-2021,4.4
Scottie Phillips,2020,2021,2,24,11,0,8,22,0,1,0,HOU,2.8,0.0,12.5,0.0,0.0,Unranked,501,Minimal,,
Sean Tucker,2023,2023,1,22,11,0,15,23,0,1,0,TAM,1.5,0.0,6.7,0.0,0.0,Unranked,501,Minimal,,
Sedrick Irvin,2000,2000,1,22,6,0,9,49,0,1,1,DET,5.4,0.0,11.1,11.1,0.0,Unranked,501,Minimal,,
Selvin Young,2007,2008,2,25,23,13,201,1032,2,35,3,DEN,5.1,1.0,17.4,1.5,1.1,Unranked,416,Minimal,,
Senorise Perry,2017,2020,3,29,34,0,13,42,0,3,0,"BUF, MIA, TEN",3.2,0.0,23.1,0.0,0.0,Unranked,501,Minimal,,
Shane Vereen,2011,2017,7,28,79,9,356,1489,8,72,5,"NWE, NYG",4.2,2.2,20.2,1.4,4.1,Unranked,272,Limited,,
Shaud Williams,2004,2006,3,26,25,0,89,330,2,16,1,BUF,3.7,2.2,18.0,1.1,0.0,Unranked,501,Minimal,,
Shaun Alexander,2000,2008,9,31,123,96,2187,9453,100,509,31,"SEA, WAS",4.3,4.6,23.3,1.4,54.0,Unranked,4,Extended,2003-2005,4.8
Shaun Draughn,2012,2016,5,29,56,7,225,723,7,58,4,"2TM, 3TM, BAL, KAN, SFO",3.2,3.1,25.8,1.8,2.2,Unranked,347,Minimal,,
Shaun Wilson,2018,2018,1,23,5,0,6,29,0,0,0,TAM,4.8,0.0,0.0,0.0,0.0,Unranked,501,Minimal,,
Shawn Bryson,2000,2006,7,30,91,27,528,2144,6,102,6,"BUF, DET",4.1,1.1,19.3,1.1,5.7,Unranked,227,Limited,,
Shonn Greene,2009,2014,6,29,85,36,993,4110,24,201,12,"NYJ, TEN",4.1,2.4,20.2,1.2,15.6,Unranked,100,Moderate,2009-2011,4.4
Shyrone Stith,2000,2000,1,22,14,0,20,55,1,3,1,JAX,2.8,5.0,15.0,5.0,0.0,Unranked,501,Minimal,,
Silas Redd,2014,2014,1,22,15,0,16,75,1,6,1,WAS,4.7,6.2,37.5,6.2,1.5,Unranked,390,Minimal,,
Skip Hicks,2000,2001,2,27,19,1,85,419,2,17,1,"TEN, WAS",4.9,2.4,20.0,1.2,0.0,Unranked,501,Minimal,,
Snoop Conner,2022,2022,1,23,8,0,12,42,1,2,0,JAX,3.5,8.3,16.7,0.0,0.0,Unranked,501,Minimal,,
Sony Michel,2018,2022,5,27,65,35,779,3243,18,185,4,"LAC, LAR, NWE",4.2,2.3,23.7,0.5,11.8,Unranked,141,Moderate,2018-2021,4.1
Spencer Brown,2022,2022,1,24,2,0,9,43,0,1,0,CAR,4.8,0.0,11.1,0.0,0.0,Unranked,501,Minimal,,
Spencer Ware,2013,2019,5,28,43,19,357,1631,11,88,5,"KAN, SEA",4.6,3.1,24.6,1.4,5.9,Unranked,219,Limited,,
Stacey Mack,2000,2003,4,28,46,18,458,1711,23,113,8,"HOU, JAX",3.7,5.0,24.7,1.7,10.2,Unranked,157,Limited,,
Stanley Havili,2012,2013,2,26,28,10,13,29,1,2,0,"IND, PHI",2.2,7.7,15.4,0.0,0.0,Unranked,501,Minimal,,
Stefan Logan,2010,2012,3,31,48,1,27,144,0,8,15,DET,5.3,0.0,29.6,55.6,2.0,Unranked,364,Minimal,,
Stepfan Taylor,2013,2016,4,25,61,4,120,393,1,25,0,ARI,3.3,0.8,20.8,0.0,0.0,Unranked,501,Minimal,,
Stephen Davis,2000,2006,7,32,87,70,1457,5832,43,312,20,"CAR, STL, WAS",4.0,3.0,21.4,1.4,27.7,Unranked,43,Moderate,2001-2003,4.2
Stevan Ridley,2011,2018,8,29,73,27,743,3102,24,173,11,"ATL, NWE, NYJ, PIT",4.2,3.2,23.3,1.5,13.5,Unranked,119,Limited,,
Steve Slaton,2008,2011,4,25,45,26,442,1896,13,99,10,"2TM, HOU",4.3,2.9,22.4,2.3,7.1,Unranked,196,Limited,,
Steven Jackson,2004,2015,12,32,160,147,2764,11438,69,541,23,"ATL, NWE, STL",4.1,2.5,19.6,0.8,47.2,Unranked,10,Extended,2004-2006,4.5
Storm Johnson,2014,2014,1,22,6,1,29,86,2,5,0,JAX,3.0,6.9,17.2,0.0,0.0,Unranked,501,Minimal,,
Sultan McCullough,2003,2003,1,23,1,0,1,9,0,0,0,WAS,9.0,0.0,0.0,0.0,0.0,Unranked,501,Minimal,,
T.J. Duckett,2002,2008,7,27,93,14,717,2814,44,175,9,"ATL, DET, SEA, WAS",3.9,6.1,24.4,1.3,19.2,Unranked,79,Limited,2002-2004,4.3
T.J. Yeldon,2015,2020,6,27,60,30,492,2005,6,83,7,"BUF, JAX",4.1,1.2,16.9,1.4,4.1,Unranked,272,Limited,2015-2018,3.9
Taiwan Jones,2011,2019,6,31,76,0,53,223,0,10,5,"HOU, OAK",4.2,0.0,18.9,9.4,0.0,Unranked,501,Minimal,,
Tank Bigsby,2023,2023,1,22,17,0,50,132,2,12,2,JAX,2.6,4.0,24.0,4.0,0.0,Unranked,501,Minimal,,
Taquan Mizzell,2018,2018,1,25,9,1,9,16,0,0,0,CHI,1.8,0.0,0.0,0.0,0.0,Unranked,501,Minimal,,
Tarik Cohen,2017,2020,4,25,51,22,264,1101,5,57,13,CHI,4.2,1.9,21.6,4.9,2.5,Unranked,329,Minimal,,
Tashard Choice,2008,2013,6,29,88,4,372,1579,10,102,4,"2TM, 3TM, BUF, DAL",4.2,2.7,27.4,1.1,6.3,Unranked,209,Limited,,
Tatum Bell,2004,2008,5,27,54,22,569,2773,16,126,10,"DEN, DET",4.9,2.8,22.1,1.8,10.3,Unranked,153,Limited,,
Tauren Poole,2014,2014,1,25,3,0,1,0,0,0,1,3TM,0.0,0.0,0.0,100.0,0.0,Unranked,501,Minimal,,
Terrance West,2014,2017,4,26,43,23,465,1816,11,103,7,"2TM, BAL, CLE",3.9,2.4,22.2,1.5,5.8,Unranked,223,Limited,,
Terrell Davis,2000,2001,2,29,13,12,245,983,2,54,3,DEN,4.0,0.8,22.0,1.2,1.4,Unranked,396,Minimal,,
Terrell Fletcher,2000,2002,3,29,39,6,171,619,4,33,3,SDG,3.6,2.3,19.3,1.8,0.3,Unranked,471,Minimal,,
Terrell Watson,2016,2017,2,24,11,0,14,36,1,5,0,"PHI, PIT",2.6,7.1,35.7,0.0,0.0,Unranked,501,Minimal,,
Terrence Magee,2015,2016,2,23,6,0,5,17,0,0,0,"BAL, SEA",3.4,0.0,0.0,0.0,0.0,Unranked,501,Minimal,,
Terron Ward,2015,2017,3,25,32,0,90,375,1,19,1,ATL,4.2,1.1,21.1,1.1,0.0,Unranked,501,Minimal,,
Terry Allen,2000,2001,2,33,15,11,214,837,5,41,1,"BAL, NOR",3.9,2.3,19.2,0.5,1.3,Unranked,405,Minimal,,
Terry Kirby,2000,2002,3,32,19,0,37,151,0,11,3,OAK,4.1,0.0,29.7,8.1,0.0,Unranked,501,Minimal,,
Tevin Coleman,2015,2022,8,29,94,37,789,3319,25,152,7,"ATL, NYJ, SFO",4.2,3.2,19.3,0.9,12.4,Unranked,134,Moderate,2016-2018,4.4
Theo Riddick,2013,2020,7,29,88,19,294,1037,5,52,2,"DET, LVR",3.5,1.7,17.7,0.7,1.2,Unranked,413,Minimal,,
Thomas Clayton,2010,2011,2,27,6,0,15,29,0,3,0,"2TM, CLE",1.9,0.0,20.0,0.0,0.0,Unranked,501,Minimal,,
Thomas Jones,2000,2011,12,33,180,125,2678,10591,68,512,27,"ARI, CHI, KAN, NYJ, TAM",4.0,2.5,19.1,1.0,48.1,Unranked,8,Extended,2003-2005,4.3
Thomas Rawls,2015,2017,3,24,34,17,314,1336,7,65,2,SEA,4.3,2.2,20.7,0.6,3.3,Unranked,301,Limited,,
Thurman Thomas,2000,2000,1,34,9,0,28,136,0,7,1,MIA,4.9,0.0,25.0,3.6,0.0,Unranked,501,Minimal,,
Tiki Barber,2000,2006,7,31,110,98,1967,9514,52,453,44,NYG,4.8,2.6,23.0,2.2,41.1,Unranked,16,Extended,2004-2006,5.0
Tim Biakabutuka,2000,2001,2,27,17,15,226,857,3,38,7,CAR,3.8,1.3,16.8,3.1,0.3,Unranked,471,Minimal,,
Tim Castille,2009,2010,2,26,17,4,19,58,0,3,1,KAN,3.1,0.0,15.8,5.3,0.0,Unranked,501,Minimal,,
Tim Hightower,2008,2016,6,30,77,45,752,2977,32,168,12,"ARI, NOR, WAS",4.0,4.3,22.3,1.6,14.9,Unranked,106,Moderate,2009-2016,4.4
Tion Green,2017,2017,1,24,5,0,42,165,2,9,0,DET,3.9,4.8,21.4,0.0,0.0,Unranked,501,Minimal,,
Toby Gerhart,2010,2015,6,28,82,14,397,1675,7,90,8,"JAX, MIN",4.2,1.8,22.7,2.0,4.9,Unranked,241,Limited,,
Todd Gurley,2015,2020,6,26,88,87,1460,6082,67,331,16,"ATL, LAR, STL",4.2,4.6,22.7,1.1,30.3,Unranked,35,Moderate,2017-2019,4.5
Tommy Bohanon,2013,2015,3,25,36,14,20,67,0,5,0,NYJ,3.4,0.0,25.0,0.0,0.0,Unranked,501,Minimal,,
Tony Brooks-James,2019,2020,2,26,4,0,11,11,0,0,0,"ATL, PIT",1.0,0.0,0.0,0.0,0.0,Unranked,501,Minimal,,
Tony Fisher,2002,2006,5,27,68,5,241,889,4,49,5,"GNB, STL",3.7,1.7,20.3,2.1,1.3,Unranked,405,Minimal,,
Tony Hollings,2003,2004,2,23,21,1,49,149,0,7,2,HOU,3.0,0.0,14.3,4.1,0.0,Unranked,501,Minimal,,
Tony Hunt,2007,2008,2,23,14,2,14,25,2,7,1,PHI,1.8,14.3,50.0,7.1,2.7,Unranked,321,Minimal,,
Tony Jones,2020,2023,4,26,25,6,93,274,2,18,0,"2TM, NOR",2.9,2.2,19.4,0.0,0.0,Unranked,501,Minimal,,
Tony Pollard,2019,2023,5,26,79,23,762,3621,23,181,6,DAL,4.8,3.0,23.8,0.8,13.8,Unranked,117,Moderate,2020-2022,5.0
Tony Taylor,2001,2001,1,23,1,0,1,0,0,0,0,DAL,0.0,0.0,0.0,0.0,0.0,Unranked,501,Minimal,,
Tra Carson,2019,2019,1,27,3,1,18,48,0,3,0,2TM,2.7,0.0,16.7,0.0,0.0,Unranked,501,Minimal,,
Travaris Cadet,2012,2018,6,29,60,3,60,197,0,3,4,"2TM, 3TM, CAR, NOR",3.3,0.0,5.0,6.7,0.0,Unranked,501,Minimal,,
Travis Etienne,2022,2023,2,24,34,29,487,2133,16,105,5,JAX,4.4,3.3,21.6,1.0,7.8,Unranked,181,Limited,,
Travis Henry,2001,2007,7,29,90,69,1488,6086,38,312,31,"BUF, DEN, TEN",4.1,2.6,21.0,2.1,27.0,Unranked,46,Moderate,2002-2006,4.3
Travis Homer,2019,2022,4,24,49,2,83,453,1,19,1,SEA,5.5,1.2,22.9,1.2,0.4,Unranked,461,Minimal,,
Travis Jervey,2000,2002,3,30,30,0,14,23,0,1,1,"ATL, SFO",1.6,0.0,7.1,7.1,0.0,Unranked,501,Minimal,,
Travis Minor,2001,2008,8,29,118,4,307,1230,8,65,1,"MIA, STL",4.0,2.6,21.2,0.3,3.8,Unranked,282,Limited,,
Travis Prentice,2000,2001,2,25,30,11,187,525,9,33,3,"CLE, MIN",2.8,4.8,17.6,1.6,0.9,Unranked,428,Minimal,,
Trayveon Williams,2020,2023,4,26,40,0,62,307,0,12,1,CIN,5.0,0.0,19.4,1.6,0.0,Unranked,501,Minimal,,
Tre Madden,2018,2018,1,25,14,3,3,3,0,1,0,SEA,1.0,0.0,33.3,0.0,0.0,Unranked,501,Minimal,,
Tre Mason,2014,2015,2,22,25,12,254,972,5,48,5,STL,3.8,2.0,18.9,2.0,1.4,Unranked,396,Minimal,,
Trent Richardson,2012,2014,3,24,46,37,614,2032,17,121,7,"2TM, CLE, IND",3.3,2.8,19.7,1.1,7.3,Unranked,190,Limited,2012-2014,3.3
Trenton Cannon,2018,2021,3,27,42,0,51,150,1,9,1,"2TM, CAR, NYJ",2.9,2.0,17.6,2.0,0.0,Unranked,501,Minimal,,
Trestan Ebner,2022,2022,1,23,17,0,24,54,0,2,2,CHI,2.2,0.0,8.3,8.3,0.0,Unranked,501,Minimal,,
Trey Edmunds,2017,2019,2,25,27,0,31,140,1,3,0,"NOR, PIT",4.5,3.2,9.7,0.0,0.0,Unranked,501,Minimal,,
Trey Ragas,2021,2021,1,25,1,0,1,9,0,1,0,LVR,9.0,0.0,100.0,0.0,9.7,Unranked,160,Minimal,,
Trey Sermon,2021,2023,3,24,25,2,78,346,1,18,0,"IND, PHI, SFO",4.4,1.3,23.1,0.0,0.0,Unranked,501,Minimal,,
Trey Watts,2014,2014,1,23,14,0,7,30,0,3,0,STL,4.3,0.0,42.9,0.0,0.4,Unranked,461,Minimal,,
Trey Williams,2015,2015,1,23,2,0,2,12,0,1,0,IND,6.0,0.0,50.0,0.0,2.2,Unranked,347,Minimal,,
Troy Fleming,2004,2004,1,24,16,0,7,40,0,2,0,TEN,5.7,0.0,28.6,0.0,0.0,Unranked,501,Minimal,,
Troy Hambrick,2000,2004,4,28,45,16,423,1600,7,89,6,"ARI, DAL",3.8,1.7,21.0,1.4,4.6,Unranked,254,Limited,,
Troymaine Pope,2016,2020,3,27,24,0,37,140,0,6,1,"2TM, LAC",3.8,0.0,16.2,2.7,0.0,Unranked,501,Minimal,,
Trung Canidate,2000,2003,4,26,46,13,240,1095,7,48,5,"STL, WAS",4.6,2.9,20.0,2.1,3.2,Unranked,306,Minimal,,
Ty Chandler,2022,2023,2,25,20,4,108,481,3,21,0,MIN,4.5,2.8,19.4,0.0,0.1,Unranked,495,Minimal,,
Ty Johnson,2019,2023,5,26,72,6,238,1057,4,48,4,"2TM, BUF, DET, NYJ",4.4,1.7,20.2,1.7,1.8,Unranked,376,Minimal,,
Ty Montgomery,2016,2023,3,30,36,11,151,739,6,33,2,"GNB, NWE",4.9,4.0,21.9,1.3,2.2,Unranked,347,Minimal,,
Ty'Son Williams,2021,2021,1,25,13,3,35,185,1,7,1,BAL,5.3,2.9,20.0,2.9,0.0,Unranked,501,Minimal,,
Tyjae Spears,2023,2023,1,22,17,1,100,453,2,24,1,TEN,4.5,2.0,24.0,1.0,0.3,Unranked,471,Minimal,,
Tyler Allgeier,2022,2023,2,23,33,10,396,1718,7,92,0,ATL,4.3,1.8,23.2,0.0,4.7,Unranked,252,Limited,,
Tyler Badie,2022,2022,1,22,1,0,1,0,0,0,0,DEN,0.0,0.0,0.0,0.0,0.0,Unranked,501,Minimal,,
Tyler Ervin,2016,2020,4,27,34,0,19,92,0,6,5,"2TM, GNB, HOU",4.8,0.0,31.6,26.3,0.6,Unranked,445,Minimal,,
Tyler Goodson,2023,2023,1,23,6,1,13,87,0,4,0,IND,6.7,0.0,30.8,0.0,0.7,Unranked,441,Minimal,,
Tyler Varga,2015,2015,1,22,3,0,1,2,0,0,0,IND,2.0,0.0,0.0,0.0,0.0,Unranked,501,Minimal,,
Tyrell Sutton,2009,2010,2,24,16,1,25,139,0,6,0,CAR,5.6,0.0,24.0,0.0,0.0,Unranked,501,Minimal,,
Tyrion Davis-Price,2022,2023,2,23,7,0,40,120,0,6,0,SFO,3.0,0.0,15.0,0.0,0.0,Unranked,501,Minimal,,
Tyrone Wheatley,2000,2004,5,32,62,27,672,2746,24,156,10,OAK,4.1,3.6,23.2,1.5,13.4,Unranked,120,Limited,2000-2003,4.2
Tyson Thompson,2005,2007,3,26,30,0,73,266,1,15,3,DAL,3.6,1.4,20.5,4.1,0.0,Unranked,501,Minimal,,
Vernand Morency,2005,2007,3,27,39,3,171,726,4,64,4,"2TM, GNB, HOU",4.2,2.3,37.4,2.3,3.7,Unranked,285,Minimal,,
Verron Haynes,2002,2006,5,27,60,0,174,738,3,43,5,PIT,4.2,1.7,24.7,2.9,1.5,Unranked,390,Minimal,,
Vick Ballard,2012,2013,2,23,17,13,224,877,2,56,3,IND,3.9,0.9,25.0,1.3,1.3,Unranked,405,Minimal,,
Vick King,2004,2004,1,24,2,0,4,9,0,1,0,MIA,2.2,0.0,25.0,0.0,0.0,Unranked,501,Minimal,,
Vonta Leach,2013,2013,1,32,16,7,11,23,0,2,1,BAL,2.1,0.0,18.2,9.1,0.0,Unranked,501,Minimal,,
Wali Lundy,2006,2006,1,23,14,8,124,476,4,29,1,HOU,3.8,3.2,23.4,0.8,0.6,Unranked,445,Minimal,,
Walter Williams,2004,2004,1,27,1,0,6,42,0,1,0,GNB,7.0,0.0,16.7,0.0,0.0,Unranked,501,Minimal,,
Warrick Dunn,2000,2008,9,33,134,115,2005,8347,43,358,18,"ATL, TAM",4.2,2.1,17.9,0.9,33.6,Unranked,27,Extended,2003-2005,4.9
Wayne Gallman,2017,2021,5,27,61,14,366,1548,9,78,6,"2TM, NYG",4.2,2.5,21.3,1.6,4.5,Unranked,259,Limited,,
Wendell Smallwood,2016,2021,5,27,55,12,238,956,5,58,3,"PHI, WAS",4.0,2.1,24.4,1.3,2.3,Unranked,338,Minimal,,
Wes Hills,2019,2019,1,24,1,1,10,21,2,3,0,DET,2.1,20.0,30.0,0.0,0.9,Unranked,428,Minimal,,
Will Johnson,2012,2014,2,25,32,12,4,7,0,0,0,PIT,1.8,0.0,0.0,0.0,0.0,Unranked,501,Minimal,,
Will Ta'ufo'ou,2013,2013,1,27,16,7,1,1,0,0,0,JAX,1.0,0.0,0.0,0.0,0.0,Unranked,501,Minimal,,
William Green,2002,2005,4,26,46,30,568,2109,9,102,12,CLE,3.7,1.6,18.0,2.1,6.1,Unranked,216,Limited,2002-2004,3.7
William Powell,2012,2012,1,24,13,1,60,217,0,10,2,ARI,3.6,0.0,16.7,3.3,0.0,Unranked,501,Minimal,,
Willie Parker,2004,2009,6,29,79,60,1253,5378,24,225,17,PIT,4.3,1.9,18.0,1.4,18.3,Unranked,86,Moderate,2005-2007,4.4
Willis McGahee,2004,2013,10,32,142,95,2095,8474,65,454,29,"BAL, BUF, CLE, DEN",4.0,3.1,21.7,1.4,38.9,Unranked,21,Extended,2009-2011,4.5
Woodrow Dantzler,2003,2003,1,24,9,0,8,21,1,2,0,ATL,2.6,12.5,25.0,0.0,0.0,Unranked,501,Minimal,,
Xavier Omon,2008,2009,2,24,7,0,11,27,0,1,0,BUF,2.5,0.0,9.1,0.0,0.0,Unranked,501,Minimal,,
Zac Stacy,2013,2015,3,24,35,17,357,1355,9,65,3,"NYJ, STL",3.8,2.5,18.2,0.8,3.3,Unranked,301,Limited,,
Zach Charbonnet,2023,2023,1,22,16,2,108,462,1,32,0,SEA,4.3,0.9,29.6,0.0,0.6,Unranked,445,Minimal,,
Zach Evans,2023,2023,1,22,10,0,9,19,0,0,0,LAR,2.1,0.0,0.0,0.0,0.0,Unranked,501,Minimal,,
Zach Line,2015,2019,5,29,71,21,36,114,2,22,0,"MIN, NOR",3.2,5.6,61.1,0.0,3.5,Unranked,291,Minimal,,
Zach Zenner,2015,2019,5,28,41,6,177,683,8,41,1,"3TM, DET",3.9,4.5,23.2,0.6,2.2,Unranked,347,Minimal,,
Zack Moss,2020,2023,4,26,53,11,484,2076,14,113,3,"2TM, BUF, IND",4.3,2.9,23.3,0.6,7.5,Unranked,185,Limited,,
Zamir White,2022,2023,2,24,31,4,121,521,1,23,1,LVR,4.3,0.8,19.0,0.8,0.0,Unranked,501,Minimal,,
Zonovan Knight,2022,2023,2,22,9,4,88,313,1,14,2,"DET, NYJ",3.6,1.1,15.9,2.3,0.0,Unranked,501,Minimal,,
Zurlon Tipton,2014,2015,2,25,16,0,15,38,0,1,0,IND,2.5,0.0,6.7,0.0,0.0,Unranked,501,Minimal,,
