Player,First_Year,Last_Year,Years_Played,Last_Age,Games,Games_Started,Targets,Receptions,Receiving_Yards,Receiving_TDs,First_Downs,Fumbles,Teams,Yards_Per_Reception,Catch_Rate,TD_Rate,Yards_Per_Game,TD_Per_Game,First_Down_Rate,Player_Score,Tier,All_Time_Rank,Experience_Level,Prime_Years,Prime_Rating
A.J. Derby,2016,2018,3,27,25,4,65.0,40,452,3,10,2.0,"2TM, MIA",11.3,61.5,7.5,18.1,0.12,25.0,10.7,Good,361,Minimal,,
Aaron Halterman,2007,2007,1,25,9,0,3.0,1,7,0,1,0.0,MIA,7.0,33.3,0.0,0.8,0.0,100.0,5.6,Below Average,608,Minimal,,
Aaron Hernandez,2010,2012,3,23,38,29,260.0,175,1956,18,101,1.0,NWE,11.2,67.3,10.3,51.5,0.47,57.7,21.7,Elite,77,Limited,2010-2012,22.0
Aaron Shea,2000,2005,6,29,65,30,164.0,97,851,7,38,1.0,CLE,8.8,59.1,7.2,13.1,0.11,39.2,14.5,Great,172,Minimal,,
Aaron Walker,2003,2007,4,27,55,15,37.0,25,312,1,16,0.0,"SFO, STL",12.5,67.6,4.0,5.7,0.02,64.0,12.0,Good,271,Minimal,,
Adam Bergen,2005,2006,2,23,30,16,67.0,43,381,2,18,2.0,ARI,8.9,64.2,4.7,12.7,0.07,41.9,10.9,Good,347,Minimal,,
Adam Shaheen,2018,2021,4,27,42,18,57.0,38,382,4,20,1.0,"CHI, MIA",10.1,66.7,10.5,9.1,0.1,52.6,11.2,Good,324,Minimal,,
Adam Trautman,2020,2023,4,26,60,40,116.0,82,845,7,41,1.0,"DEN, NOR",10.3,70.7,8.5,14.1,0.12,50.0,14.0,Great,181,Minimal,,
Alan Cross,2016,2018,3,25,36,7,21.0,13,105,1,7,0.0,TAM,8.1,61.9,7.7,2.9,0.03,53.8,8.6,Below Average,519,Minimal,,
Albert Okwuegbunam,2020,2023,4,25,30,7,74.0,54,546,4,25,1.0,"DEN, PHI",10.1,73.0,7.4,18.2,0.13,46.3,12.3,Good,256,Minimal,,
Alex Ellis,2016,2016,1,23,6,3,4.0,3,11,0,0,0.0,JAX,3.7,75.0,0.0,1.8,0.0,0.0,8.2,Below Average,538,Minimal,,
Alex Holmes,2005,2005,1,24,8,0,1.0,1,2,0,0,0.0,MIA,2.0,100.0,0.0,0.2,0.0,0.0,10.4,Average,386,Minimal,,
Alex Smith,2005,2015,10,33,122,57,265.0,163,1473,13,84,2.0,"CIN, CLE, PHI, TAM, WAS",9.0,61.5,8.0,12.1,0.11,51.5,18.3,Elite,111,Limited,2005-2007,19.6
Alfred Pupunu,2000,2000,1,31,9,0,3.0,3,32,0,1,0.0,DET,10.7,100.0,0.0,3.6,0.0,33.3,13.2,Great,209,Minimal,,
Alge Crumpler,2001,2010,10,33,155,132,632.0,373,4743,39,221,6.0,"ATL, NWE, TEN",12.7,59.0,10.5,30.6,0.25,59.2,38.7,Elite,20,Moderate,2002-2004,22.0
Allen Reisner,2011,2013,3,25,15,3,12.0,7,58,0,3,0.0,"JAX, MIN",8.3,58.3,0.0,3.9,0.0,42.9,8.3,Below Average,535,Minimal,,
Alonzo Mayes,2000,2000,1,25,5,3,9.0,4,40,0,1,0.0,CHI,10.0,44.4,0.0,8.0,0.0,25.0,7.8,Below Average,555,Minimal,,
Andrew Beck,2019,2022,2,26,29,10,23.0,14,159,1,8,0.0,DEN,11.4,60.9,7.1,5.5,0.03,57.1,9.4,Average,465,Minimal,,
Andrew Glover,2000,2000,1,33,16,14,40.0,21,281,4,12,0.0,NOR,13.4,52.5,19.0,17.6,0.25,57.1,11.3,Good,313,Minimal,,
Andrew Jordan,2000,2001,2,29,32,8,22.0,11,74,1,3,0.0,MIN,6.7,50.0,9.1,2.3,0.03,27.3,8.1,Below Average,546,Minimal,,
Andrew Ogletree,2023,2023,1,25,12,9,21.0,9,147,2,8,0.0,IND,16.3,42.9,22.2,12.2,0.17,88.9,8.9,Below Average,498,Minimal,,
Andrew Quarless,2010,2015,5,27,60,27,141.0,89,940,6,55,1.0,GNB,10.6,63.1,6.7,15.7,0.1,61.8,14.5,Great,172,Minimal,,
Anthony Becht,2000,2011,11,34,167,132,298.0,188,1537,21,98,4.0,"ARI, KAN, NYJ, STL, TAM",8.2,63.1,11.2,9.2,0.13,52.1,22.3,Elite,71,Limited,2001-2003,22.3
Anthony Fasano,2006,2017,12,33,180,136,474.0,299,3278,36,184,3.0,"DAL, KAN, MIA, TEN",11.0,63.1,12.0,18.2,0.2,61.5,31.3,Elite,33,Limited,2008-2010,22.6
Anthony Hill,2009,2011,2,26,12,2,5.0,3,19,0,0,0.0,"HOU, IND",6.3,60.0,0.0,1.6,0.0,0.0,7.8,Below Average,555,Minimal,,
Anthony McCoy,2011,2012,2,25,32,14,52.0,31,437,3,20,0.0,SEA,14.1,59.6,9.7,13.7,0.09,64.5,11.7,Good,292,Minimal,,
Antonio Gates,2003,2018,16,38,236,190,1459.0,955,11841,116,652,8.0,"LAC, SDG",12.4,65.5,12.1,50.2,0.49,68.3,89.9,Elite,2,Extended,2009-2011,25.3
Antony Auclair,2017,2021,5,28,56,33,19.0,15,131,1,6,0.0,"HOU, TAM",8.7,78.9,6.7,2.3,0.02,40.0,10.3,Average,396,Minimal,,
Armani Rogers,2022,2022,1,25,11,3,6.0,5,64,0,4,0.0,WAS,12.8,83.3,0.0,5.8,0.0,80.0,11.0,Good,341,Minimal,,
Asante Cleveland,2014,2015,2,23,10,1,2.0,1,1,0,0,0.0,"NWE, SFO",1.0,50.0,0.0,0.1,0.0,0.0,5.5,Below Average,611,Minimal,,
Austin Hooper,2016,2023,8,29,122,68,499.0,364,3702,25,190,0.0,"ATL, CLE, LVR, TEN",10.2,72.9,6.9,30.3,0.2,52.2,29.9,Elite,37,Moderate,2017-2019,22.3
Austin Seferian-Jenkins,2014,2018,5,26,43,29,190.0,116,1160,11,63,2.0,"2TM, JAX, NYJ, TAM",10.0,61.1,9.5,27.0,0.26,54.3,15.5,Great,151,Limited,,
Austin Traylor,2017,2017,1,24,7,3,13.0,8,100,0,6,0.0,DEN,12.5,61.5,0.0,14.3,0.0,75.0,9.2,Average,477,Minimal,,
Bear Pascoe,2009,2014,6,28,82,34,61.0,40,336,2,18,0.0,"ATL, NYG",8.4,65.6,5.0,4.1,0.02,45.0,10.8,Good,350,Minimal,,
Ben Braunecker,2016,2019,3,25,39,7,22.0,13,142,1,9,0.0,CHI,10.9,59.1,7.7,3.6,0.03,69.2,9.1,Average,487,Minimal,,
Ben Coates,2000,2000,1,31,16,9,18.0,9,84,0,3,0.0,BAL,9.3,50.0,0.0,5.2,0.0,33.3,8.4,Below Average,529,Minimal,,
Ben Ellefson,2020,2022,3,26,16,5,8.0,4,36,0,3,0.0,"JAX, MIN",9.0,50.0,0.0,2.2,0.0,75.0,7.3,Below Average,568,Minimal,,
Ben Hartsock,2004,2012,8,32,103,45,60.0,31,312,1,17,0.0,"ATL, CAR, IND, NYJ, TEN",10.1,51.7,3.2,3.0,0.01,54.8,9.4,Average,465,Minimal,,
Ben Koyack,2016,2019,3,26,41,16,34.0,25,208,1,10,0.0,JAX,8.3,73.5,4.0,5.1,0.02,40.0,10.1,Average,412,Minimal,,
Ben Patrick,2007,2010,4,26,42,20,64.0,45,446,4,24,1.0,ARI,9.9,70.3,8.9,10.6,0.1,53.3,12.3,Good,256,Minimal,,
Ben Sims,2023,2023,1,23,17,1,6.0,4,21,1,3,0.0,GNB,5.2,66.7,25.0,1.2,0.06,75.0,8.1,Below Average,546,Minimal,,
Ben Steele,2004,2004,1,26,15,0,11.0,4,42,0,2,0.0,GNB,10.5,36.4,0.0,2.8,0.0,50.0,6.7,Below Average,591,Minimal,,
Ben Troupe,2004,2007,4,25,55,29,172.0,106,1056,7,54,4.0,TEN,10.0,61.6,6.6,19.2,0.13,50.9,14.9,Great,162,Limited,,
Ben Utecht,2005,2008,4,27,51,36,130.0,87,923,3,49,4.0,"CIN, IND",10.6,66.9,3.4,18.1,0.06,56.3,13.9,Great,184,Minimal,,
Ben Watson,2004,2019,15,39,205,143,860.0,547,6058,44,320,9.0,"BAL, CLE, NOR, NWE",11.1,63.6,8.0,29.6,0.21,58.5,44.6,Elite,15,Moderate,2007-2010,22.7
Bill Baber,2002,2004,3,25,29,2,5.0,4,37,1,2,0.0,"KAN, TAM",9.2,80.0,25.0,1.3,0.03,50.0,11.3,Good,313,Minimal,,
Billy Bajema,2005,2013,9,31,120,52,68.0,40,416,2,18,1.0,"BAL, SFO, STL",10.4,58.8,5.0,3.5,0.02,45.0,10.7,Good,361,Minimal,,
Billy Miller,2000,2008,8,31,104,36,305.0,195,2189,10,119,2.0,"CLE, DEN, HOU, NOR",11.2,63.9,5.1,21.0,0.1,61.0,22.0,Elite,74,Limited,2003-2008,20.2
Blake Bell,2015,2023,9,32,117,30,103.0,65,667,2,27,1.0,"DAL, JAX, KAN, MIN, SFO",10.3,63.1,3.1,5.7,0.02,41.5,11.5,Good,299,Minimal,,
Blake Jarwin,2018,2021,4,27,41,17,95.0,70,780,8,39,1.0,DAL,11.1,73.7,11.4,19.0,0.2,55.7,14.3,Great,176,Minimal,,
Bo Scaife,2005,2010,6,29,90,62,396.0,251,2383,12,131,7.0,TEN,9.5,63.4,4.8,26.5,0.13,52.2,22.2,Elite,73,Limited,2008-2010,19.3
Bobby Collins,2000,2001,2,25,16,2,11.0,7,75,0,3,0.0,"BUF, GNB",10.7,63.6,0.0,4.7,0.0,42.9,10.0,Average,421,Minimal,,
Boo Williams,2001,2004,4,25,59,20,210.0,107,1143,12,65,2.0,NOR,10.7,51.0,11.2,19.4,0.2,60.7,16.6,Great,133,Limited,,
Brad Cieslak,2006,2006,1,24,7,2,9.0,6,46,0,2,0.0,BUF,7.7,66.7,0.0,6.6,0.0,33.3,8.9,Below Average,498,Minimal,,
Brad Cottam,2008,2009,2,25,24,8,26.0,16,183,0,9,0.0,KAN,11.4,61.5,0.0,7.6,0.0,56.2,9.7,Average,442,Minimal,,
Brad Smelley,2012,2012,1,23,2,0,1.0,1,3,0,0,0.0,CLE,3.0,100.0,0.0,1.5,0.0,0.0,10.1,Average,412,Minimal,,
Braedon Bowman,2016,2016,1,22,3,0,1.0,0,0,0,0,0.0,NYJ,,0.0,,0.0,0.0,,0.0,Unranked,621,,,
Brandon Bostick,2013,2016,3,27,40,7,29.0,17,186,2,8,0.0,"GNB, NYJ",10.9,58.6,11.8,4.6,0.05,47.1,9.4,Average,465,Minimal,,
Brandon Dillon,2020,2020,1,23,3,0,1.0,1,6,0,0,0.0,MIN,6.0,100.0,0.0,2.0,0.0,0.0,10.7,Good,361,Minimal,,
Brandon Manumaleuna,2001,2010,10,30,158,103,166.0,115,1008,13,48,2.0,"CHI, SDG, STL",8.8,69.3,11.3,6.4,0.08,41.7,17.7,Elite,121,Limited,,
Brandon Myers,2009,2016,8,31,115,63,293.0,199,1954,9,102,1.0,"NYG, OAK, TAM",9.8,67.9,4.5,17.0,0.08,51.3,19.8,Elite,99,Limited,,
Brandon Pettigrew,2009,2015,7,30,93,85,486.0,301,2965,17,151,6.0,DET,9.9,61.9,5.6,31.9,0.18,50.2,25.5,Elite,52,Moderate,2009-2011,19.0
Brandon Williams,2014,2016,2,29,30,1,11.0,6,80,0,6,0.0,"CAR, SEA",13.3,54.5,0.0,2.7,0.0,100.0,8.7,Below Average,512,Minimal,,
Brent Celek,2007,2017,11,32,175,132,617.0,398,4998,31,231,5.0,PHI,12.6,64.5,7.8,28.6,0.18,58.0,36.0,Elite,26,Moderate,2013-2015,23.1
Brenton Strange,2023,2023,1,23,14,4,9.0,5,35,1,2,0.0,JAX,7.0,55.6,20.0,2.5,0.07,40.0,7.6,Below Average,561,Minimal,,
Brett Pierce,2005,2005,1,24,10,1,3.0,2,15,0,1,0.0,DAL,7.5,66.7,0.0,1.5,0.0,50.0,8.7,Below Average,512,Minimal,,
Brevin Jordan,2021,2023,3,23,34,11,77.0,51,525,5,30,0.0,HOU,10.3,66.2,9.8,15.4,0.15,58.8,12.0,Good,271,Minimal,,
Brian Jones,2004,2005,2,24,29,1,25.0,9,136,1,6,0.0,JAX,15.1,36.0,11.1,4.7,0.03,66.7,8.2,Below Average,538,Minimal,,
Brian Kinchen,2000,2000,1,35,16,0,1.0,1,7,0,0,0.0,CAR,7.0,100.0,0.0,0.4,0.0,0.0,12.3,Good,256,Minimal,,
Brian Kozlowski,2000,2007,8,37,97,15,95.0,53,628,3,36,1.0,"ATL, WAS",11.8,55.8,5.7,6.5,0.03,67.9,12.7,Great,233,Minimal,,
Brian Leonhardt,2014,2015,2,25,16,3,9.0,7,39,1,2,0.0,"OAK, SFO",5.6,77.8,14.3,2.4,0.06,28.6,9.2,Average,477,Minimal,,
Brian Natkin,2001,2001,1,23,3,1,3.0,2,42,0,2,0.0,TEN,21.0,66.7,0.0,14.0,0.0,100.0,12.4,Good,249,Minimal,,
Brian Parker,2015,2018,2,26,22,1,12.0,6,39,0,2,0.0,"DEN, KAN",6.5,50.0,0.0,1.8,0.0,33.3,6.8,Below Average,587,Minimal,,
Brock Wright,2021,2023,3,25,41,19,55.0,43,424,7,21,0.0,DET,9.9,78.2,16.3,10.3,0.17,48.8,12.9,Great,221,Minimal,,
Brody Eldridge,2010,2011,2,24,27,16,19.0,14,84,0,3,0.0,IND,6.0,73.7,0.0,3.1,0.0,21.4,9.4,Average,465,Minimal,,
Bryan Fletcher,2005,2007,3,28,46,18,79.0,54,547,5,35,0.0,IND,10.1,68.4,9.3,11.9,0.11,64.8,13.0,Great,215,Minimal,,
Brycen Hopkins,2021,2023,3,26,34,1,19.0,13,196,0,9,0.0,LAR,15.1,68.4,0.0,5.8,0.0,69.2,10.6,Average,372,Minimal,,
Bubba Franks,2000,2008,9,30,122,98,405.0,262,2347,32,133,3.0,"GNB, NYJ",9.0,64.7,12.2,19.2,0.26,50.8,28.7,Elite,38,Limited,2001-2003,24.7
Buck Ortega,2008,2008,1,27,11,1,3.0,1,3,0,0,0.0,NOR,3.0,33.3,0.0,0.3,0.0,0.0,4.7,Below Average,618,Minimal,,
Byron Chamberlain,2000,2003,4,32,48,25,167.0,117,1367,4,57,1.0,"DEN, MIN, WAS",11.7,70.1,3.4,28.5,0.08,48.7,17.1,Great,128,Limited,,
C.J. Fiedorowicz,2014,2017,4,26,51,42,142.0,89,881,6,46,2.0,HOU,9.9,62.7,6.7,17.3,0.12,51.7,13.3,Great,204,Minimal,,
C.J. Uzomah,2015,2023,9,30,106,82,271.0,192,1881,16,100,0.0,"CIN, NYJ",9.8,70.8,8.3,17.7,0.15,52.1,20.4,Elite,92,Limited,2018-2021,21.6
Cade Otton,2022,2023,2,24,33,28,132.0,89,846,6,41,1.0,TAM,9.5,67.4,6.7,25.6,0.18,46.1,13.5,Great,196,Minimal,,
Cam Cleeland,2001,2005,5,30,62,30,77.0,51,469,6,25,2.0,"NOR, NWE, STL",9.2,66.2,11.8,7.6,0.1,49.0,13.3,Great,204,Minimal,,
Cameron Brate,2014,2022,9,31,126,33,422.0,273,2857,33,168,3.0,TAM,10.5,64.7,12.1,22.7,0.26,61.5,27.8,Elite,44,Limited,2016-2018,23.5
Cameron Morrah,2009,2011,3,24,27,7,32.0,16,194,0,9,0.0,SEA,12.1,50.0,0.0,7.2,0.0,56.2,8.9,Below Average,498,Minimal,,
Casey Crawford,2000,2001,2,24,11,1,11.0,5,57,1,4,0.0,CAR,11.4,45.5,20.0,5.2,0.09,80.0,8.6,Below Average,519,Minimal,,
Casey Fitzsimmons,2003,2009,6,29,83,19,136.0,80,592,4,30,1.0,DET,7.4,58.8,5.0,7.1,0.05,37.5,12.5,Great,245,Minimal,,
Cethan Carter,2019,2021,3,26,46,6,12.0,9,82,1,5,0.0,"CIN, MIA",9.1,75.0,11.1,1.8,0.02,55.6,9.8,Average,436,Minimal,,
Chad Lewis,2000,2005,6,34,86,70,340.0,209,2179,16,114,4.0,PHI,10.4,61.5,7.7,25.3,0.19,54.5,23.2,Elite,68,Limited,2001-2004,20.5
Chad Mustard,2003,2007,4,30,41,6,16.0,12,123,0,8,0.0,"CLE, DEN",10.2,75.0,0.0,3.0,0.0,66.7,11.2,Good,324,Minimal,,
Charles Clay,2013,2019,7,30,99,92,484.0,323,3423,19,167,3.0,"ARI, BUF, MIA",10.6,66.7,5.9,34.6,0.19,51.7,26.6,Elite,49,Moderate,2013-2015,20.5
Charles Jones,2019,2019,1,23,4,0,1.0,1,5,0,0,0.0,JAX,5.0,100.0,0.0,1.2,0.0,0.0,10.5,Average,377,Minimal,,
Charlie Kolar,2022,2023,2,24,17,3,15.0,11,136,1,8,0.0,BAL,12.4,73.3,9.1,8.0,0.06,72.7,10.5,Average,377,Minimal,,
Charlie Woerner,2020,2023,4,26,65,7,15.0,11,120,0,6,0.0,SFO,10.9,73.3,0.0,1.8,0.0,54.5,9.9,Average,429,Minimal,,
Chase Coffman,2010,2015,5,29,37,3,33.0,18,177,2,17,0.0,"2TM, ATL, CIN, TEN",9.8,54.5,11.1,4.8,0.05,94.4,9.4,Average,465,Minimal,,
Chase Ford,2013,2014,2,24,20,5,51.0,34,391,1,23,0.0,MIN,11.5,66.7,2.9,19.6,0.05,67.6,10.8,Good,350,Minimal,,
Chigoziem Okonkwo,2022,2023,2,24,34,19,123.0,86,978,4,47,0.0,TEN,11.4,69.9,4.7,28.8,0.12,54.7,13.9,Great,184,Minimal,,
Chris Baker,2002,2010,9,31,131,71,249.0,168,1763,15,100,3.0,"NWE, NYJ, SEA",10.5,67.5,8.9,13.5,0.11,59.5,21.8,Elite,76,Limited,,
Chris Cooley,2004,2012,9,30,117,103,669.0,429,4711,33,251,11.0,WAS,11.0,64.1,7.7,40.3,0.28,58.5,36.5,Elite,24,Moderate,2004-2006,21.7
Chris Eitzmann,2000,2000,1,23,5,1,1.0,0,0,0,0,0.0,NWE,,0.0,,0.0,0.0,,0.0,Unranked,621,,,
Chris Gedney,2000,2000,1,30,13,3,16.0,10,75,0,5,0.0,ARI,7.5,62.5,0.0,5.8,0.0,50.0,9.2,Average,477,Minimal,,
Chris Gragg,2013,2015,3,25,32,10,37.0,24,251,2,16,0.0,BUF,10.5,64.9,8.3,7.8,0.06,66.7,10.2,Average,404,Minimal,,
Chris Herndon,2018,2020,3,24,33,25,103.0,71,796,7,42,4.0,NYJ,11.2,68.9,9.9,24.1,0.21,59.2,13.8,Great,190,Minimal,,
Chris Luzar,2002,2003,2,24,23,1,6.0,4,35,0,1,0.0,JAX,8.8,66.7,0.0,1.5,0.0,25.0,9.6,Average,452,Minimal,,
Chris Manhertz,2016,2023,8,31,120,53,40.0,26,271,2,12,0.0,"2TM, CAR, DEN, JAX",10.4,65.0,7.7,2.3,0.02,46.2,10.2,Average,404,Minimal,,
Chris Myarick,2021,2021,1,26,8,3,6.0,3,17,1,2,0.0,NYG,5.7,50.0,33.3,2.1,0.12,66.7,6.8,Below Average,587,Minimal,,
Christian Fauria,2000,2007,8,36,119,70,210.0,135,1271,18,76,3.0,"CAR, NWE, SEA, WAS",9.4,64.3,13.3,10.7,0.15,56.3,20.0,Elite,97,Limited,2000-2003,22.4
Clay Harbor,2010,2016,7,29,98,38,166.0,114,1170,8,57,3.0,"2TM, JAX, PHI",10.3,68.7,7.0,11.9,0.08,50.0,16.2,Great,138,Limited,,
Clive Walford,2015,2019,4,28,51,13,123.0,74,825,6,45,0.0,"MIA, OAK",11.1,60.2,8.1,16.2,0.12,60.8,13.0,Great,215,Minimal,,
Coby Fleener,2012,2017,6,29,87,54,422.0,255,3080,22,150,3.0,"IND, NOR",12.1,60.4,8.6,35.4,0.25,58.8,25.1,Elite,54,Limited,2012-2014,20.9
Codey McElroy,2019,2021,2,29,3,0,2.0,1,30,0,1,0.0,TAM,30.0,50.0,0.0,10.0,0.0,100.0,11.5,Good,299,Minimal,,
Colby Parkinson,2020,2023,4,24,54,4,78.0,57,618,4,29,0.0,SEA,10.8,73.1,7.0,11.4,0.07,50.9,12.7,Great,233,Minimal,,
Cole Fotheringham,2023,2023,1,26,2,0,1.0,1,6,0,0,0.0,LVR,6.0,100.0,0.0,3.0,0.0,0.0,10.7,Good,361,Minimal,,
Cole Hikutini,2017,2017,1,23,4,0,3.0,2,15,0,2,0.0,SFO,7.5,66.7,0.0,3.8,0.0,100.0,8.3,Below Average,535,Minimal,,
Cole Kmet,2020,2023,4,24,67,60,296.0,211,2118,15,104,3.0,CHI,10.0,71.3,7.1,31.6,0.22,49.3,21.0,Elite,85,Limited,2021-2023,21.5
Cole Turner,2022,2023,2,23,22,3,24.0,13,143,0,5,0.0,WAS,11.0,54.2,0.0,6.5,0.0,38.5,8.4,Below Average,529,Minimal,,
Cole Wick,2016,2018,2,25,11,0,4.0,2,18,0,1,0.0,"DET, SFO",9.0,50.0,0.0,1.6,0.0,50.0,7.2,Below Average,572,Minimal,,
Colin Cloherty,2009,2011,2,24,5,1,9.0,5,59,0,3,0.0,"IND, JAX",11.8,55.6,0.0,11.8,0.0,60.0,8.8,Below Average,509,Minimal,,
Colin Cochart,2011,2011,1,24,10,3,9.0,5,44,1,3,0.0,CIN,8.8,55.6,20.0,4.4,0.1,60.0,8.4,Below Average,529,Minimal,,
Colin Thompson,2020,2021,2,28,26,6,3.0,1,7,1,1,0.0,CAR,7.0,33.3,100.0,0.3,0.04,100.0,5.5,Below Average,611,Minimal,,
Connor Hamlett,2016,2016,1,24,3,2,1.0,1,17,1,1,0.0,CLE,17.0,100.0,100.0,5.7,0.33,100.0,13.2,Great,209,Minimal,,
Connor Heyward,2022,2023,2,24,34,7,51.0,35,318,1,14,0.0,PIT,9.1,68.6,2.9,9.4,0.03,40.0,10.2,Average,404,Minimal,,
Cooper Helfet,2014,2015,2,26,24,4,46.0,25,315,2,16,0.0,SEA,12.6,54.3,8.0,13.1,0.08,64.0,9.8,Average,436,Minimal,,
Cooper Wallace,2006,2006,1,24,2,1,1.0,1,6,0,0,0.0,TEN,6.0,100.0,0.0,3.0,0.0,0.0,11.3,Good,313,Minimal,,
Corey Davis,2019,2019,1,24,15,11,69.0,43,601,2,33,1.0,TEN,14.0,62.3,4.7,40.1,0.13,76.7,11.8,Good,285,Minimal,,
Cory Geason,2000,2000,1,25,9,3,4.0,3,66,0,2,0.0,PIT,22.0,75.0,0.0,7.3,0.0,66.7,13.5,Great,196,Minimal,,
Cory Harkey,2012,2015,2,25,21,5,8.0,6,47,0,3,0.0,STL,7.8,75.0,0.0,2.2,0.0,50.0,9.2,Average,477,Minimal,,
Courtney Anderson,2004,2006,3,26,39,28,112.0,62,763,6,38,2.0,OAK,12.3,55.4,9.7,19.6,0.15,61.3,13.0,Great,215,Minimal,,
Craig Stevens,2008,2015,8,31,109,72,97.0,60,724,6,32,2.0,TEN,12.1,61.9,10.0,6.6,0.06,53.3,13.4,Great,199,Minimal,,
Crockett Gillmore,2014,2016,3,25,32,16,76.0,51,604,6,30,0.0,BAL,11.8,67.1,11.8,18.9,0.19,58.8,12.7,Great,233,Minimal,,
D.J. Tialavea,2016,2016,1,25,2,0,1.0,1,1,1,1,0.0,ATL,1.0,100.0,100.0,0.5,0.5,100.0,10.0,Average,421,Minimal,,
D.J. Williams,2011,2013,3,25,35,3,22.0,9,70,0,3,0.0,"2TM, GNB",7.8,40.9,0.0,2.0,0.0,33.3,6.7,Below Average,591,Minimal,,
Dallas Clark,2003,2013,11,34,143,118,776.0,505,5665,53,305,6.0,"BAL, IND, TAM",11.2,65.1,10.5,39.6,0.37,60.4,48.1,Elite,10,Moderate,2004-2006,23.6
Dallas Goedert,2018,2023,6,28,83,66,424.0,307,3589,22,191,4.0,PHI,11.7,72.4,7.2,43.2,0.27,62.2,28.4,Elite,40,Moderate,2020-2022,22.7
Dalton Keene,2020,2020,1,21,6,0,5.0,3,16,0,0,1.0,NWE,5.3,60.0,0.0,2.7,0.0,0.0,7.3,Below Average,568,Minimal,,
Dalton Kincaid,2023,2023,1,24,16,11,91.0,73,673,2,29,1.0,BUF,9.2,80.2,2.7,42.1,0.12,39.7,12.9,Great,221,Minimal,,
Dalton Schultz,2018,2023,6,27,90,59,389.0,270,2757,22,144,3.0,"DAL, HOU",10.2,69.4,8.1,30.6,0.24,53.3,25.1,Elite,54,Limited,2021-2023,21.7
Damon Jones,2000,2001,2,27,8,4,14.0,9,152,1,8,1.0,JAX,16.9,64.3,11.1,19.0,0.12,88.9,12.0,Good,271,Minimal,,
Dan Arnold,2020,2022,2,27,33,5,58.0,40,573,4,29,2.0,"ARI, JAX",14.3,69.0,10.0,17.4,0.12,72.5,12.7,Great,233,Minimal,,
Dan Campbell,2000,2008,9,32,102,75,142.0,91,934,11,52,1.0,"DAL, DET, NYG",10.3,64.1,12.1,9.2,0.11,57.1,16.6,Great,133,Minimal,,
Dan Gronkowski,2009,2010,2,25,14,4,16.0,9,69,0,3,0.0,"DEN, DET",7.7,56.2,0.0,4.9,0.0,33.3,8.1,Below Average,546,Minimal,,
Daniel Bellinger,2022,2023,2,23,29,24,63.0,55,523,2,20,1.0,NYG,9.5,87.3,3.6,18.0,0.07,36.4,12.9,Great,221,Minimal,,
Daniel Coats,2007,2010,4,26,57,18,59.0,30,291,0,11,2.0,"2TM, CIN",9.7,50.8,0.0,5.1,0.0,36.7,8.9,Below Average,498,Minimal,,
Daniel Fells,2008,2015,7,32,89,40,179.0,114,1334,12,72,4.0,"DEN, NWE, NYG, STL",11.7,63.7,10.5,15.0,0.13,63.2,17.5,Great,125,Limited,,
Daniel Graham,2002,2011,10,33,142,117,361.0,224,2490,25,123,3.0,"DEN, NWE, TEN",11.1,62.0,11.2,17.5,0.18,54.9,26.6,Elite,49,Limited,2003-2008,23.1
Daniel Helm,2021,2021,1,26,9,1,2.0,1,-1,0,0,0.0,LVR,-1.0,50.0,0.0,-0.1,0.0,0.0,5.1,Below Average,614,Minimal,,
Daniel Wilcox,2004,2008,5,31,61,17,108.0,76,576,8,32,3.0,BAL,7.6,70.4,10.5,9.4,0.13,42.1,13.6,Great,195,Minimal,,
Danny Noble,2013,2013,1,24,8,1,3.0,2,63,1,1,0.0,JAX,31.5,66.7,50.0,7.9,0.12,50.0,13.5,Great,196,Minimal,,
Dante Rosario,2007,2014,8,30,122,33,199.0,116,1235,8,68,2.0,"2TM, CAR, CHI, SDG",10.6,58.3,6.9,10.1,0.07,58.6,15.7,Great,146,Limited,,
Darcy Johnson,2006,2010,4,27,34,8,16.0,9,78,2,6,2.0,"NYG, STL",8.7,56.2,22.2,2.3,0.06,66.7,8.8,Below Average,509,Minimal,,
Darnell Dinkins,2003,2009,7,32,87,15,55.0,30,250,4,16,1.0,"BAL, CLE, NOR, NYG",8.3,54.5,13.3,2.9,0.05,53.3,10.5,Average,377,Minimal,,
Darnell Sanders,2002,2003,2,24,26,15,26.0,18,118,2,4,1.0,CLE,6.6,69.2,11.1,4.5,0.08,22.2,10.3,Average,396,Minimal,,
Darnell Washington,2023,2023,1,22,17,7,10.0,7,61,0,4,0.0,PIT,8.7,70.0,0.0,3.6,0.0,57.1,9.0,Below Average,493,Minimal,,
Darrell Daniels,2017,2021,5,27,61,18,33.0,13,122,1,7,0.0,"2TM, ARI, IND",9.4,39.4,7.7,2.0,0.02,53.8,7.0,Below Average,581,Minimal,,
Darren Fells,2014,2021,8,35,111,81,177.0,127,1526,21,84,0.0,"2TM, ARI, CLE, DET, HOU",12.0,71.8,16.5,13.7,0.19,66.1,20.1,Elite,95,Limited,,
Darren Waller,2019,2023,5,31,64,59,472.0,332,3946,18,195,3.0,"LVR, NYG, OAK",11.9,70.3,5.4,61.7,0.28,58.7,28.5,Elite,39,Moderate,2020-2022,21.2
Dave Moore,2000,2006,7,37,105,44,155.0,92,827,11,52,2.0,"BUF, TAM",9.0,59.4,12.0,7.9,0.1,56.5,15.7,Great,146,Minimal,,
Dave Stachelski,2001,2001,1,24,5,0,1.0,1,5,0,0,0.0,NOR,5.0,100.0,0.0,1.0,0.0,0.0,11.8,Good,285,Minimal,,
David Anderson,2009,2009,1,26,16,8,53.0,38,370,0,22,0.0,HOU,9.7,71.7,0.0,23.1,0.0,57.9,11.2,Good,324,Minimal,,
David Grinnage,2018,2018,1,24,4,2,8.0,6,61,0,2,0.0,JAX,10.2,75.0,0.0,15.2,0.0,33.3,9.7,Average,442,Minimal,,
David Johnson,2009,2016,7,29,98,37,43.0,31,304,1,15,1.0,"PIT, SDG",9.8,72.1,3.2,3.1,0.01,48.4,11.1,Good,333,Minimal,,
David LaFleur,2000,2000,1,26,15,10,21.0,12,109,1,7,0.0,DAL,9.1,57.1,8.3,7.3,0.07,58.3,9.4,Average,465,Minimal,,
David Martin,2001,2010,9,31,117,52,239.0,159,1562,15,86,1.0,"BUF, GNB, MIA",9.8,66.5,9.4,13.4,0.13,54.1,20.7,Elite,86,Limited,2005-2008,21.4
David Morgan,2016,2018,3,25,38,12,19.0,16,135,1,7,0.0,MIN,8.4,84.2,6.2,3.6,0.03,43.8,10.7,Good,361,Minimal,,
David Nelson,2011,2011,1,25,16,13,97.0,61,658,5,32,0.0,BUF,10.8,62.9,8.2,41.1,0.31,52.5,12.9,Great,221,Minimal,,
David Njoku,2017,2023,7,27,95,66,443.0,287,3264,25,148,3.0,CLE,11.4,64.8,8.7,34.4,0.26,51.6,26.7,Elite,48,Limited,2018-2022,21.4
David Paulson,2012,2013,2,24,32,9,21.0,13,153,0,4,2.0,PIT,11.8,61.9,0.0,4.8,0.0,30.8,9.2,Average,477,Minimal,,
David Sloan,2000,2002,3,30,46,39,154.0,81,915,9,49,0.0,"DET, NOR",11.3,52.6,11.1,19.9,0.2,60.5,15.0,Great,160,Minimal,,
David Thomas,2006,2012,7,29,80,38,154.0,102,938,8,46,0.0,"NOR, NWE",9.2,66.2,7.8,11.7,0.1,45.1,14.9,Great,162,Limited,,
David Wells,2023,2023,1,28,5,0,2.0,2,-10,0,1,1.0,TAM,-5.0,100.0,0.0,-2.0,0.0,50.0,8.5,Below Average,526,Minimal,,
Davis Allen,2023,2023,1,22,15,1,11.0,10,95,1,7,0.0,LAR,9.5,90.9,10.0,6.3,0.07,70.0,11.3,Good,313,Minimal,,
Dawson Knox,2019,2023,5,27,69,58,266.0,171,1966,22,98,2.0,BUF,11.5,64.3,12.9,28.5,0.32,57.3,21.2,Elite,82,Limited,2019-2022,23.7
Dedrick Epps,2012,2012,1,24,3,0,1.0,1,9,0,0,1.0,NYJ,9.0,100.0,0.0,3.0,0.0,0.0,11.4,Good,307,Minimal,,
Delanie Walker,2006,2019,12,35,152,85,722.0,464,5457,33,254,11.0,"SFO, TEN",11.8,64.3,7.1,35.9,0.22,54.7,38.6,Elite,21,Moderate,2014-2016,21.1
Demetrius Harris,2014,2021,7,30,99,37,123.0,65,686,8,37,0.0,"ARI, CHI, CLE, KAN",10.6,52.8,12.3,6.9,0.08,56.9,12.2,Good,262,Minimal,,
Dennis Pitta,2010,2016,6,31,66,23,330.0,224,2098,13,112,1.0,BAL,9.4,67.9,5.8,31.8,0.2,50.0,21.5,Elite,78,Limited,2011-2016,20.2
Deon Yelder,2019,2021,3,26,28,2,16.0,11,86,0,4,0.0,"KAN, TAM",7.8,68.8,0.0,3.1,0.0,36.4,8.8,Below Average,509,Minimal,,
Derek Carrier,2014,2021,8,31,98,23,83.0,59,529,3,20,1.0,"LAR, LVR, OAK, SFO, WAS",9.0,71.1,5.1,5.4,0.03,33.9,11.7,Good,292,Minimal,,
Derek Fine,2008,2009,2,26,18,11,30.0,19,158,1,7,0.0,BUF,8.3,63.3,5.3,8.8,0.06,36.8,9.4,Average,465,Minimal,,
Derek Rackley,2001,2001,1,24,16,0,1.0,1,1,1,1,0.0,ATL,1.0,100.0,100.0,0.1,0.06,100.0,11.1,Good,333,Minimal,,
Derek Schouman,2007,2009,3,24,21,15,34.0,27,275,1,13,1.0,BUF,10.2,79.4,3.7,13.1,0.05,48.1,11.7,Good,292,Minimal,,
Desmond Clark,2000,2010,11,33,153,105,542.0,322,3586,27,159,8.0,"CHI, DEN, MIA",11.1,59.4,8.4,23.4,0.18,49.4,31.2,Elite,34,Moderate,2000-2003,21.2
Devin Asiasi,2020,2022,2,25,21,3,11.0,4,44,1,2,0.0,"CIN, NWE",11.0,36.4,25.0,2.1,0.05,50.0,6.7,Below Average,591,Minimal,,
Dion Sims,2013,2018,6,27,78,40,139.0,91,888,9,46,1.0,"CHI, MIA",9.8,65.5,9.9,11.4,0.12,50.5,14.2,Great,178,Minimal,,
Dominique Byrd,2006,2007,2,23,14,0,8.0,6,83,1,4,0.0,STL,13.8,75.0,16.7,5.9,0.07,66.7,11.2,Good,324,Minimal,,
Dominique Dafney,2020,2021,2,24,15,4,6.0,4,60,1,4,0.0,GNB,15.0,66.7,25.0,4.0,0.07,100.0,10.2,Average,404,Minimal,,
Dominique Jones,2012,2016,3,29,21,5,14.0,10,103,1,7,0.0,"2TM, IND, MIA",10.3,71.4,10.0,4.9,0.05,70.0,9.8,Average,436,Minimal,,
Donald Lee,2003,2011,9,31,133,68,299.0,209,1990,19,98,4.0,"CIN, GNB, MIA",9.5,69.9,9.1,15.0,0.14,46.9,23.9,Elite,64,Limited,2005-2008,22.5
Donald Parham,2020,2023,4,26,47,23,100.0,67,764,11,48,0.0,LAC,11.4,67.0,16.4,16.3,0.23,71.6,14.6,Great,168,Minimal,,
Dorin Dickerson,2012,2013,2,25,16,0,20.0,11,151,0,6,1.0,"BUF, DET",13.7,55.0,0.0,9.4,0.0,54.5,9.0,Below Average,493,Minimal,,
Doug Jolley,2002,2006,5,27,74,32,191.0,120,1303,6,62,1.0,"NYJ, OAK, TAM",10.9,62.8,5.0,17.6,0.08,51.7,16.8,Great,132,Limited,2002-2004,19.5
Drew Sample,2019,2023,5,27,61,35,103.0,80,621,3,29,1.0,CIN,7.8,77.7,3.8,10.2,0.05,36.2,12.7,Great,233,Minimal,,
Durham Smythe,2018,2023,6,28,95,70,158.0,123,1175,3,61,0.0,MIA,9.6,77.8,2.4,12.4,0.03,49.6,15.2,Great,156,Limited,2020-2023,21.6
Dustin Keller,2008,2012,5,28,72,48,411.0,241,2876,17,149,2.0,NYJ,11.9,58.6,7.1,39.9,0.24,61.8,24.4,Elite,60,Limited,2010-2012,20.0
Dustin Lyman,2000,2004,4,28,51,21,59.0,37,278,3,13,0.0,CHI,7.5,62.7,8.1,5.5,0.06,35.1,11.0,Good,341,Minimal,,
Dwayne Allen,2012,2018,7,28,86,72,225.0,139,1564,20,91,3.0,"IND, NWE",11.3,61.8,14.4,18.2,0.23,65.5,19.3,Elite,103,Limited,2012-2016,24.1
Dwayne Blakley,2004,2007,4,28,59,9,38.0,21,189,1,11,0.0,ATL,9.0,55.3,4.8,3.2,0.02,52.4,9.0,Below Average,493,Minimal,,
Dwayne Carswell,2000,2005,6,33,86,63,205.0,134,1237,12,69,0.0,DEN,9.2,65.4,9.0,14.4,0.14,51.5,18.4,Elite,110,Limited,,
E.J. Bibbs,2015,2015,1,24,7,0,2.0,1,7,0,0,0.0,CLE,7.0,50.0,0.0,1.0,0.0,0.0,6.7,Below Average,591,Minimal,,
Ed Dickson,2010,2018,9,31,134,86,311.0,190,2128,15,116,1.0,"BAL, CAR, SEA",11.2,61.1,7.9,15.9,0.11,61.1,21.3,Elite,80,Limited,2011-2017,19.2
Ed Perry,2000,2002,2,28,25,0,3.0,0,0,0,0,0.0,MIA,,0.0,,0.0,0.0,,0.0,Unranked,621,,,
Elijah Higgins,2023,2023,1,23,11,2,19.0,14,163,1,9,0.0,ARI,11.6,73.7,7.1,14.8,0.09,64.3,10.5,Average,377,Minimal,,
Emanuel Byrd,2017,2017,1,23,1,0,2.0,2,31,0,1,0.0,GNB,15.5,100.0,0.0,31.0,0.0,50.0,12.8,Great,229,Minimal,,
Eric Beverly,2005,2006,2,32,32,4,4.0,1,0,0,0,0.0,ATL,0.0,25.0,0.0,0.0,0.0,0.0,3.3,Below Average,620,Minimal,,
Eric Bjornson,2000,2000,1,29,8,6,33.0,20,152,2,11,0.0,NWE,7.6,60.6,10.0,19.0,0.25,55.0,10.0,Average,421,Minimal,,
Eric Ebron,2014,2021,8,28,106,59,559.0,351,3837,33,204,3.0,"DET, IND, PIT",10.9,62.8,9.4,36.2,0.31,58.1,31.2,Elite,34,Moderate,2018-2020,22.0
Eric Edwards,2004,2005,2,25,32,10,25.0,17,184,1,8,0.0,ARI,10.8,68.0,5.9,5.8,0.03,47.1,10.4,Average,386,Minimal,,
Eric Johnson,2001,2007,5,28,71,59,358.0,240,2178,9,114,3.0,"NOR, SFO",9.1,67.0,3.8,30.7,0.13,47.5,22.3,Elite,71,Limited,2004-2007,19.4
Eric Saubert,2018,2023,6,29,70,16,55.0,36,292,2,12,0.0,"2TM, ATL, CHI, DEN, JAX",8.1,65.5,5.6,4.2,0.03,33.3,9.9,Average,429,Minimal,,
Eric Tomlinson,2017,2022,6,30,78,48,41.0,27,280,3,12,0.0,"2TM, 3TM, BAL, DEN, NYJ",10.4,65.9,11.1,3.6,0.04,44.4,10.5,Average,377,Minimal,,
Erik Lorig,2010,2012,2,26,25,8,21.0,13,93,1,7,0.0,TAM,7.2,61.9,7.7,3.7,0.04,53.8,8.9,Below Average,498,Minimal,,
Erik Swoope,2016,2018,2,26,23,6,32.0,23,384,4,17,0.0,IND,16.7,71.9,17.4,16.7,0.17,73.9,12.7,Great,233,Minimal,,
Ernest Wilford,2009,2009,1,30,15,7,21.0,11,123,1,5,0.0,JAX,11.2,52.4,9.1,8.2,0.07,45.5,8.9,Below Average,498,Minimal,,
Ernie Conwell,2000,2006,7,34,89,60,214.0,134,1504,11,72,4.0,"NOR, STL",11.2,62.6,8.2,16.9,0.12,53.7,18.9,Elite,106,Limited,2001-2003,21.5
Erron Kinney,2000,2005,6,28,83,67,256.0,178,1750,10,97,2.0,TEN,9.8,69.5,5.6,21.1,0.12,54.5,20.7,Elite,86,Limited,2003-2005,21.5
Ethan Wolf,2021,2021,1,26,2,1,2.0,2,8,0,0,0.0,NOR,4.0,100.0,0.0,4.0,0.0,0.0,10.4,Average,386,Minimal,,
Evan Engram,2017,2023,7,29,99,80,670.0,449,4557,24,214,5.0,"JAX, NYG",10.1,67.0,5.3,46.0,0.24,47.7,32.3,Elite,30,Moderate,2021-2023,20.4
Evan Moore,2011,2011,1,26,16,4,46.0,34,324,4,19,0.0,CLE,9.5,73.9,11.8,20.2,0.25,55.9,12.1,Good,267,Minimal,,
Evan Rodriguez,2012,2013,2,25,19,5,9.0,4,21,0,2,0.0,"BUF, CHI",5.2,44.4,0.0,1.1,0.0,50.0,6.0,Below Average,602,Minimal,,
Fendi Onobun,2010,2011,2,25,4,0,5.0,2,15,0,1,0.0,"JAX, STL",7.5,40.0,0.0,3.8,0.0,50.0,6.3,Below Average,600,Minimal,,
Foster Moreau,2019,2023,5,26,76,44,157.0,112,1300,13,68,2.0,"LVR, NOR, OAK",11.6,71.3,11.6,17.1,0.17,60.7,17.3,Great,127,Limited,,
Frank Wycheck,2000,2003,4,32,57,53,288.0,187,1819,12,108,3.0,TEN,9.7,64.9,6.4,31.9,0.21,57.8,21.3,Elite,80,Limited,2000-2002,19.4
Fred Baxter,2000,2003,4,32,41,23,63.0,31,221,4,18,0.0,"2TM, CHI, NWE, NYJ",7.1,49.2,12.9,5.4,0.1,58.1,9.7,Average,442,Minimal,,
Fred Davis,2008,2013,6,27,72,43,253.0,162,2043,13,104,1.0,WAS,12.6,64.0,8.0,28.4,0.18,64.2,20.6,Elite,88,Limited,,
Fred Wakefield,2006,2006,1,28,16,9,2.0,2,24,0,1,1.0,ARI,12.0,100.0,0.0,1.5,0.0,50.0,12.6,Great,243,Minimal,,
Freddie Jones,2000,2004,5,30,78,72,430.0,250,2455,15,110,3.0,"ARI, SDG",9.8,58.1,6.0,31.5,0.19,44.0,23.6,Elite,66,Limited,2000-2002,17.9
Gabe Holmes,2017,2017,1,26,2,0,1.0,0,0,0,0,0.0,ARI,,0.0,,0.0,0.0,,0.0,Unranked,621,,,
Gabe Reid,2005,2006,2,29,29,4,16.0,7,57,0,4,0.0,CHI,8.1,43.8,0.0,2.0,0.0,57.1,7.0,Below Average,581,Minimal,,
Garrett Celek,2012,2018,7,30,86,30,132.0,82,1104,12,55,3.0,SFO,13.5,62.1,14.6,12.8,0.14,67.1,15.7,Great,146,Minimal,,
Garrett Graham,2011,2015,4,29,39,22,138.0,72,796,7,38,2.0,HOU,11.1,52.2,9.7,20.4,0.18,52.8,13.0,Great,215,Minimal,,
Garrett Griffin,2017,2021,2,27,16,6,5.0,5,43,0,2,1.0,NOR,8.6,100.0,0.0,2.7,0.0,40.0,11.4,Good,307,Minimal,,
Gary Barnidge,2008,2016,8,31,124,54,287.0,178,2258,14,112,1.0,"CAR, CLE",12.7,62.0,7.9,18.2,0.11,62.9,21.4,Elite,79,Limited,,
Gator Hoskins,2014,2014,1,23,11,0,4.0,3,21,0,2,0.0,MIA,7.0,75.0,0.0,1.9,0.0,66.7,8.9,Below Average,498,Minimal,,
Gavin Escobar,2013,2016,4,25,62,7,48.0,30,333,8,21,1.0,DAL,11.1,62.5,26.7,5.4,0.13,70.0,11.7,Good,292,Minimal,,
Geoff Swaim,2015,2023,8,30,90,57,127.0,101,763,5,38,0.0,"ARI, DAL, JAX, TEN",7.6,79.5,5.0,8.5,0.06,37.6,13.9,Great,184,Limited,,
George Kittle,2017,2023,7,30,98,90,639.0,460,6274,37,289,4.0,SFO,13.6,72.0,8.0,64.0,0.38,62.8,40.5,Elite,18,Moderate,2021-2023,24.7
George Wrighster,2003,2008,6,27,67,28,147.0,94,850,9,49,1.0,JAX,9.0,63.9,9.6,12.7,0.13,52.1,15.7,Great,146,Minimal,,
Gerald Christian,2016,2016,1,25,3,0,2.0,1,14,0,1,0.0,BUF,14.0,50.0,0.0,4.7,0.0,100.0,8.2,Below Average,538,Minimal,,
Gerald Everett,2017,2023,7,29,107,46,424.0,284,2833,19,148,7.0,"LAC, LAR, SEA",10.0,67.0,6.7,26.5,0.18,52.1,24.6,Elite,58,Limited,2021-2023,20.8
Gijon Robinson,2008,2010,3,26,39,26,46.0,31,240,1,11,0.0,IND,7.7,67.4,3.2,6.2,0.03,35.5,10.1,Average,412,Minimal,,
Giovanni Ricci,2022,2023,2,27,20,3,10.0,9,102,0,3,0.0,CAR,11.3,90.0,0.0,5.1,0.0,33.3,11.3,Good,313,Minimal,,
Grant Calcaterra,2022,2023,2,25,30,3,13.0,9,120,0,6,0.0,PHI,13.3,69.2,0.0,4.0,0.0,66.7,10.0,Average,421,Minimal,,
Greg Clark,2000,2000,1,28,15,15,51.0,38,342,2,18,1.0,SFO,9.0,74.5,5.3,22.8,0.13,47.4,12.4,Good,249,Minimal,,
Greg DeLong,2000,2000,1,27,4,1,1.0,0,0,0,0,0.0,JAX,,0.0,,0.0,0.0,,0.0,Unranked,621,,,
Greg Dulcich,2022,2023,2,23,12,7,59.0,36,436,2,20,0.0,DEN,12.1,61.0,5.6,36.3,0.17,55.6,10.7,Good,361,Minimal,,
Greg Estandia,2007,2009,3,27,32,2,44.0,23,294,0,18,1.0,"2TM, JAX",12.8,52.3,0.0,9.2,0.0,78.3,9.7,Average,442,Minimal,,
Greg Olsen,2007,2020,14,35,199,170,1201.0,742,8683,60,465,7.0,"CAR, CHI, SEA",11.7,61.8,8.1,43.6,0.3,62.7,58.6,Elite,7,Extended,2013-2015,21.3
Gregg Guenther,2005,2005,1,23,5,0,3.0,2,13,0,1,0.0,TEN,6.5,66.7,0.0,2.6,0.0,50.0,8.5,Below Average,526,Minimal,,
Hakeem Valles,2016,2018,2,26,14,1,5.0,2,11,0,0,0.0,"ARI, DET",5.5,40.0,0.0,0.8,0.0,0.0,5.6,Below Average,608,Minimal,,
Hale Hentges,2019,2019,1,23,11,4,14.0,8,103,1,6,0.0,WAS,12.9,57.1,12.5,9.4,0.09,75.0,9.1,Average,487,Minimal,,
Harrison Bryant,2020,2023,4,25,65,30,128.0,89,791,10,44,3.0,CLE,8.9,69.5,11.2,12.2,0.15,49.4,14.4,Great,175,Minimal,,
Hayden Hurst,2018,2023,6,30,79,39,281.0,195,1902,15,103,3.0,"ATL, BAL, CAR, CIN",9.8,69.4,7.7,24.1,0.19,52.8,20.2,Elite,93,Limited,2019-2021,22.2
Hayden Smith,2012,2012,1,27,5,0,1.0,1,16,0,1,0.0,NYJ,16.0,100.0,0.0,3.2,0.0,100.0,12.8,Great,229,Minimal,,
Heath Miller,2005,2015,11,33,168,167,825.0,592,6569,45,349,7.0,PIT,11.1,71.8,7.6,39.1,0.27,59.0,47.7,Elite,11,Moderate,2005-2007,25.0
Henry Krieger-Coble,2016,2016,1,24,2,0,1.0,1,13,0,0,0.0,DEN,13.0,100.0,0.0,6.5,0.0,0.0,12.2,Good,262,Minimal,,
Howard Cross,2000,2001,2,34,32,17,10.0,5,35,0,2,0.0,NYG,7.0,50.0,0.0,1.1,0.0,40.0,7.7,Below Average,558,Minimal,,
Hunter Bryant,2020,2020,1,22,5,0,3.0,1,44,0,1,0.0,DET,44.0,33.3,0.0,8.8,0.0,100.0,12.9,Great,221,Minimal,,
Hunter Goodwin,2000,2003,4,31,64,38,34.0,18,109,2,5,0.0,"MIA, MIN",6.1,52.9,11.1,1.7,0.03,27.8,8.7,Below Average,512,Minimal,,
Hunter Henry,2016,2023,7,29,103,83,479.0,329,3853,38,219,3.0,"LAC, NWE, SDG",11.7,68.7,11.6,37.4,0.37,66.6,32.9,Elite,29,Moderate,2016-2019,24.3
Hunter Long,2021,2021,1,23,7,2,3.0,1,8,0,0,0.0,MIA,8.0,33.3,0.0,1.1,0.0,0.0,5.5,Below Average,611,Minimal,,
Ian Thomas,2018,2023,6,27,94,52,179.0,116,1055,4,56,1.0,CAR,9.1,64.8,3.4,11.2,0.04,48.3,13.8,Great,190,Limited,,
Irv Smith Jr.,2019,2023,4,25,49,21,152.0,109,973,10,53,3.0,"CIN, MIN",8.9,71.7,9.2,19.9,0.2,48.6,15.4,Great,153,Limited,2019-2022,22.2
Isaac Nauta,2019,2020,2,23,13,0,5.0,3,16,0,1,0.0,DET,5.3,60.0,0.0,1.2,0.0,33.3,7.3,Below Average,568,Minimal,,
Isaac Smolko,2007,2007,1,24,6,0,2.0,1,5,0,0,0.0,JAX,5.0,50.0,0.0,0.8,0.0,0.0,6.6,Below Average,597,Minimal,,
Isaiah Likely,2022,2023,2,23,33,10,100.0,66,784,8,33,0.0,BAL,11.9,66.0,12.1,23.8,0.24,50.0,13.7,Great,194,Minimal,,
Itula Mili,2000,2006,7,33,91,41,241.0,158,1695,12,92,2.0,SEA,10.7,65.6,7.6,18.6,0.13,58.2,20.5,Elite,90,Limited,2000-2003,21.0
J.P. Foschi,2009,2009,1,27,15,10,37.0,27,260,2,9,1.0,CIN,9.6,73.0,7.4,17.3,0.13,33.3,11.1,Good,333,Minimal,,
J.P. Holtz,2019,2020,2,27,31,8,9.0,7,91,0,4,0.0,"2TM, CHI",13.0,77.8,0.0,2.9,0.0,57.1,10.6,Average,372,Minimal,,
Jabari Holloway,2002,2003,2,25,26,16,20.0,15,157,0,4,0.0,HOU,10.5,75.0,0.0,6.0,0.0,26.7,11.3,Good,313,Minimal,,
Jace Amaro,2014,2016,2,24,17,4,57.0,41,404,2,22,1.0,"NYJ, TEN",9.9,71.9,4.9,23.8,0.12,53.7,11.3,Good,313,Minimal,,
Jace Sternberger,2019,2020,2,24,18,1,16.0,12,114,1,6,0.0,GNB,9.5,75.0,8.3,6.3,0.06,50.0,10.0,Average,421,Minimal,,
Jack Doyle,2013,2021,9,31,131,84,407.0,295,2729,24,155,6.0,IND,9.3,72.5,8.1,20.8,0.18,52.5,26.2,Elite,51,Limited,2016-2018,21.6
Jack Stoll,2021,2023,3,25,50,26,27.0,20,183,0,7,0.0,PHI,9.2,74.1,0.0,3.7,0.0,35.0,9.9,Average,429,Minimal,,
Jackie Harris,2000,2001,2,33,29,19,81.0,54,447,7,25,0.0,DAL,8.3,66.7,13.0,15.4,0.24,46.3,13.4,Great,199,Minimal,,
Jacob Hollister,2017,2021,5,28,57,12,129.0,83,707,7,36,0.0,"JAX, NWE, SEA",8.5,64.3,8.4,12.4,0.12,43.4,12.8,Great,229,Minimal,,
Jacob Tamme,2008,2016,9,31,130,36,389.0,259,2570,14,140,1.0,"ATL, DEN, IND",9.9,66.6,5.4,19.8,0.11,54.1,23.7,Elite,65,Limited,2010-2015,19.5
Jaeden Graham,2019,2020,2,25,32,0,15.0,12,174,1,8,0.0,ATL,14.5,80.0,8.3,5.4,0.03,66.7,11.6,Good,296,Minimal,,
Jake Ballard,2011,2013,2,26,22,16,70.0,45,679,6,36,0.0,"ARI, NYG",15.1,64.3,13.3,30.9,0.27,80.0,14.0,Great,181,Minimal,,
Jake Butt,2018,2020,2,25,8,4,17.0,10,90,0,4,0.0,DEN,9.0,58.8,0.0,11.2,0.0,40.0,8.2,Below Average,538,Minimal,,
Jake Ferguson,2022,2023,2,24,33,24,124.0,90,935,7,48,0.0,DAL,10.4,72.6,7.8,28.3,0.21,53.3,14.6,Great,168,Minimal,,
Jake Moreland,2001,2001,1,24,4,0,4.0,3,15,0,2,0.0,CLE,5.0,75.0,0.0,3.8,0.0,66.7,9.5,Average,461,Minimal,,
Jake Nordin,2009,2009,1,25,4,1,3.0,2,26,0,2,0.0,DET,13.0,66.7,0.0,6.5,0.0,100.0,9.9,Average,429,Minimal,,
Jake O'Connell,2009,2012,4,27,35,8,29.0,15,108,0,7,0.0,KAN,7.2,51.7,0.0,3.1,0.0,46.7,7.8,Below Average,555,Minimal,,
Jake Stoneburner,2015,2015,1,26,11,1,5.0,5,47,2,3,0.0,MIA,9.4,100.0,40.0,4.3,0.18,60.0,12.1,Good,267,Minimal,,
Jake Tonges,2022,2022,1,23,4,0,1.0,0,0,0,0,0.0,CHI,,0.0,,0.0,0.0,,0.0,Unranked,621,,,
James Casey,2009,2014,4,30,62,7,35.0,20,252,2,15,0.0,"HOU, PHI",12.6,57.1,10.0,4.1,0.03,75.0,10.4,Average,386,Minimal,,
James Develin,2013,2013,1,25,16,6,4.0,4,62,0,3,0.0,NWE,15.5,100.0,0.0,3.9,0.0,75.0,12.9,Great,221,Minimal,,
James Hanna,2012,2017,5,28,78,37,55.0,37,374,1,17,0.0,DAL,10.1,67.3,2.7,4.8,0.01,45.9,10.5,Average,377,Minimal,,
James Jenkins,2000,2000,1,33,13,6,1.0,0,0,0,0,0.0,WAS,,0.0,,0.0,0.0,,0.0,Unranked,621,,,
James Mitchell,2022,2023,2,24,29,1,13.0,13,141,1,8,0.0,DET,10.8,100.0,7.7,4.9,0.03,61.5,12.5,Great,245,Minimal,,
James O'Shaughnessy,2015,2021,7,29,80,40,166.0,112,1108,3,52,0.0,"JAX, KAN",9.9,67.5,2.7,13.8,0.04,46.4,13.9,Great,184,Limited,,
James Whalen,2002,2002,1,25,16,6,29.0,17,152,0,7,0.0,DAL,8.9,58.6,0.0,9.5,0.0,41.2,9.5,Average,461,Minimal,,
Jared Cook,2009,2021,13,34,194,99,919.0,553,7237,45,356,9.0,"GNB, LAC, NOR, OAK, STL, TEN",13.1,60.2,8.1,37.3,0.23,64.4,47.6,Elite,12,Moderate,2018-2020,24.7
Jason Croom,2018,2020,2,26,19,3,36.0,23,262,2,11,2.0,"BUF, PHI",11.4,63.9,8.7,13.8,0.11,47.8,10.2,Average,404,Minimal,,
Jason Dunn,2000,2007,8,34,119,25,73.0,41,353,7,24,0.0,KAN,8.6,56.2,17.1,3.0,0.06,58.5,12.0,Good,271,Minimal,,
Jason Pociask,2007,2007,1,24,4,0,1.0,1,7,0,0,0.0,NYJ,7.0,100.0,0.0,1.8,0.0,0.0,11.5,Good,299,Minimal,,
Jason Rader,2008,2008,1,27,6,1,1.0,1,26,0,0,1.0,ATL,26.0,100.0,0.0,4.3,0.0,0.0,15.6,Great,150,Minimal,,
Jason Witten,2003,2020,17,38,271,252,1720.0,1228,13046,74,664,9.0,"DAL, LVR",10.6,71.4,6.0,48.1,0.27,54.1,87.2,Elite,3,Extended,2004-2006,21.4
Jay Riemersma,2000,2004,5,31,66,51,218.0,133,1532,11,92,1.0,"BUF, PIT",11.5,61.0,8.3,23.2,0.17,69.2,19.3,Elite,103,Limited,2000-2002,19.8
Jay Tant,2000,2000,1,23,5,0,2.0,1,4,0,1,0.0,ARI,4.0,50.0,0.0,0.8,0.0,100.0,6.9,Below Average,584,Minimal,,
Je'Ron Hamm,2016,2016,1,24,5,0,4.0,2,13,0,1,0.0,SFO,6.5,50.0,0.0,2.6,0.0,50.0,6.7,Below Average,591,Minimal,,
Jeb Putzier,2002,2008,7,29,69,17,154.0,96,1251,3,66,1.0,"2TM, DEN, HOU",13.0,62.3,3.1,18.1,0.04,68.8,16.1,Great,141,Minimal,,
Jed Weaver,2000,2004,5,28,74,27,114.0,77,999,6,50,3.0,"MIA, NWE, SFO",13.0,67.5,7.8,13.5,0.08,64.9,16.2,Great,138,Minimal,,
Jeff Cumberland,2010,2017,7,30,72,47,164.0,88,1121,10,49,0.0,"LAC, NYJ",12.7,53.7,11.4,15.6,0.14,55.7,15.1,Great,157,Minimal,,
Jeff Dugan,2007,2010,4,29,57,13,21.0,19,151,2,9,1.0,MIN,7.9,90.5,10.5,2.6,0.04,47.4,12.0,Good,271,Minimal,,
Jeff Heuerman,2016,2019,4,27,51,29,106.0,63,678,5,35,0.0,DEN,10.8,59.4,7.9,13.3,0.1,55.6,12.1,Good,267,Minimal,,
Jeff King,2006,2012,7,29,108,84,246.0,156,1323,12,75,3.0,"ARI, CAR",8.5,63.4,7.7,12.2,0.11,48.1,17.6,Elite,123,Limited,2007-2011,20.2
Jeff Robinson,2000,2005,5,35,69,9,26.0,21,198,5,14,0.0,"DAL, STL",9.4,80.8,23.8,2.9,0.07,66.7,13.2,Great,209,Minimal,,
Jeff Thomason,2000,2002,3,33,46,8,35.0,25,207,7,15,0.0,PHI,8.3,71.4,28.0,4.5,0.15,60.0,12.6,Great,243,Minimal,,
Jelani Woods,2022,2022,1,24,15,2,40.0,25,312,3,16,1.0,IND,12.5,62.5,12.0,20.8,0.2,64.0,10.7,Good,361,Minimal,,
Jerame Tuman,2000,2008,9,32,116,59,90.0,46,541,7,25,0.0,"ARI, PIT",11.8,51.1,15.2,4.7,0.06,54.3,12.7,Great,233,Minimal,,
Jerell Adams,2016,2017,2,25,29,3,32.0,24,214,1,13,1.0,NYG,8.9,75.0,4.2,7.4,0.03,54.2,10.4,Average,386,Minimal,,
Jeremy Brigham,2000,2001,2,26,29,6,36.0,25,192,3,15,0.0,OAK,7.7,69.4,12.0,6.6,0.1,60.0,11.3,Good,313,Minimal,,
Jeremy Ruckert,2022,2023,2,23,24,6,24.0,17,159,0,6,0.0,NYJ,9.4,70.8,0.0,6.6,0.0,35.3,9.6,Average,452,Minimal,,
Jeremy Shockey,2002,2011,10,31,136,129,884.0,547,6143,37,331,9.0,"CAR, NOR, NYG",11.2,61.9,6.8,45.2,0.27,60.5,46.1,Elite,13,Moderate,2009-2011,21.1
Jeremy Sprinkle,2017,2021,5,27,76,37,58.0,37,332,3,19,1.0,"DAL, WAS",9.0,63.8,8.1,4.4,0.04,51.4,10.4,Average,386,Minimal,,
Jermaine Gresham,2010,2018,9,30,132,118,567.0,377,3752,29,191,13.0,"ARI, CIN",10.0,66.5,7.7,28.4,0.22,50.7,32.0,Elite,32,Moderate,2012-2014,21.4
Jermaine Wiggins,2000,2006,7,31,107,44,335.0,236,2141,14,128,4.0,"2TM, CAR, MIN, NWE",9.1,70.4,5.9,20.0,0.13,54.2,24.0,Elite,62,Limited,2004-2006,19.7
Jermichael Finley,2008,2013,6,26,70,48,323.0,223,2785,20,134,2.0,GNB,12.5,69.0,9.0,39.8,0.29,60.1,25.4,Elite,53,Limited,2009-2012,22.1
Jerome Cunningham,2015,2018,2,27,12,3,17.0,8,59,0,4,0.0,"DET, NYG",7.4,47.1,0.0,4.9,0.0,50.0,6.8,Below Average,587,Minimal,,
Jeron Mastrud,2010,2013,3,26,38,17,16.0,7,96,0,4,0.0,"MIA, OAK",13.7,43.8,0.0,2.5,0.0,57.1,8.3,Below Average,535,Minimal,,
Jerramy Stevens,2002,2010,9,31,121,41,341.0,202,2217,22,116,2.0,"SEA, TAM",11.0,59.2,10.9,18.3,0.18,57.4,24.6,Elite,58,Limited,2002-2005,21.8
Jesper Horsted,2023,2023,1,26,13,0,1.0,1,4,0,0,0.0,LVR,4.0,100.0,0.0,0.3,0.0,0.0,10.3,Average,396,Minimal,,
Jesse James,2015,2021,7,27,102,63,230.0,157,1522,12,76,0.0,"CHI, DET, PIT",9.7,68.3,7.6,14.9,0.12,48.4,17.7,Elite,121,Limited,2016-2018,20.7
Jim Dray,2010,2015,6,29,87,36,91.0,56,605,3,34,1.0,"ARI, CLE",10.8,61.5,5.4,7.0,0.03,60.7,12.2,Good,262,Minimal,,
Jim Kleinsasser,2002,2011,9,34,127,97,201.0,135,1245,6,64,1.0,MIN,9.2,67.2,4.4,9.8,0.05,47.4,17.0,Great,130,Limited,,
Jimmy Graham,2010,2023,13,37,197,134,1115.0,719,8545,89,480,9.0,"CHI, GNB, NOR, SEA",11.9,64.5,12.4,43.4,0.45,66.8,65.2,Elite,6,Extended,2011-2013,23.2
Jody Fortson,2021,2022,2,27,19,1,18.0,14,155,4,9,1.0,KAN,11.1,77.8,28.6,8.2,0.21,64.3,11.4,Good,307,Minimal,,
Joe Davenport,2002,2003,2,27,26,9,23.0,11,93,0,5,0.0,IND,8.5,47.8,0.0,3.6,0.0,45.5,8.1,Below Average,546,Minimal,,
Joe Klopfenstein,2006,2009,4,26,49,38,58.0,34,397,2,15,1.0,"BUF, STL",11.7,58.6,5.9,8.1,0.04,44.1,10.8,Good,350,Minimal,,
Joe Kowalewski,2007,2007,1,25,13,2,9.0,5,18,1,1,0.0,NYJ,3.6,55.6,20.0,1.4,0.08,20.0,7.2,Below Average,572,Minimal,,
Joel Dreessen,2005,2013,8,31,120,49,233.0,158,1767,19,87,2.0,"DEN, HOU, NYJ",11.2,67.8,12.0,14.7,0.16,55.1,21.1,Elite,83,Limited,2010-2012,24.2
Joey Haynos,2008,2009,2,25,23,8,41.0,21,184,3,14,2.0,MIA,8.8,51.2,14.3,8.0,0.13,66.7,9.1,Average,487,Minimal,,
John Allred,2000,2002,2,28,18,3,16.0,9,109,1,5,0.0,"CHI, PIT",12.1,56.2,11.1,6.1,0.06,55.6,9.9,Average,429,Minimal,,
John Bates,2021,2023,3,26,50,19,75.0,53,508,2,21,2.0,WAS,9.6,70.7,3.8,10.2,0.04,39.6,11.4,Good,307,Minimal,,
John Bronson,2006,2006,1,24,2,0,1.0,1,25,0,1,0.0,ARI,25.0,100.0,0.0,12.5,0.0,100.0,15.4,Great,153,Minimal,,
John Carlson,2008,2013,5,29,74,52,283.0,177,1906,14,98,1.0,"MIN, SEA",10.8,62.5,7.9,25.8,0.19,55.4,20.2,Elite,93,Limited,2008-2010,20.6
John Davis,2000,2002,3,29,41,24,79.0,48,463,4,26,0.0,"CHI, MIN",9.6,60.8,8.3,11.3,0.1,54.2,12.3,Good,256,Minimal,,
John FitzPatrick,2023,2023,1,23,9,0,1.0,1,12,0,1,0.0,ATL,12.0,100.0,0.0,1.3,0.0,100.0,12.0,Good,271,Minimal,,
John Gilmore,2002,2011,10,32,145,37,91.0,55,544,6,31,0.0,"CHI, NOR, TAM",9.9,60.4,10.9,3.8,0.04,56.4,13.2,Great,209,Minimal,,
John Jones,2001,2002,2,27,30,6,14.0,8,60,1,4,0.0,BAL,7.5,57.1,12.5,2.0,0.03,50.0,8.9,Below Average,498,Minimal,,
John Owens,2002,2009,5,29,67,18,41.0,22,178,1,8,0.0,"2TM, DET, NOR, SEA",8.1,53.7,4.5,2.7,0.01,36.4,9.2,Average,477,Minimal,,
John Phillips,2009,2018,8,31,119,43,73.0,58,428,5,22,0.0,"2TM, ARI, DAL, SDG",7.4,79.5,8.6,3.6,0.04,37.9,13.0,Great,215,Minimal,,
John Waerig,2001,2001,1,25,1,0,1.0,1,6,0,0,0.0,DET,6.0,100.0,0.0,6.0,0.0,0.0,12.0,Good,271,Minimal,,
Johnny Huggins,2001,2001,1,25,10,2,12.0,8,36,0,1,0.0,DAL,4.5,66.7,0.0,3.6,0.0,12.5,8.7,Below Average,512,Minimal,,
Johnny McWilliams,2000,2000,1,28,15,7,29.0,22,180,3,8,0.0,MIN,8.2,75.9,13.6,12.0,0.2,36.4,11.8,Good,285,Minimal,,
Johnny Mundt,2018,2023,6,29,79,15,57.0,46,405,2,20,0.0,"LAR, MIN",8.8,80.7,4.3,5.1,0.03,43.5,11.8,Good,285,Minimal,,
Jonathan Stupar,2009,2010,2,26,30,5,24.0,18,151,0,7,1.0,BUF,8.4,75.0,0.0,5.0,0.0,38.9,10.2,Average,404,Minimal,,
Jonnu Smith,2017,2023,7,28,107,78,322.0,219,2423,20,106,4.0,"ATL, NWE, TEN",11.1,68.0,9.1,22.6,0.19,48.4,22.7,Elite,70,Limited,2019-2021,22.7
Jordan Akins,2018,2023,6,31,90,30,239.0,166,1887,8,92,3.0,"CLE, HOU",11.4,69.5,4.8,21.0,0.09,55.4,18.3,Elite,111,Limited,2019-2022,21.6
Jordan Cameron,2011,2016,6,28,66,50,300.0,173,2046,14,97,2.0,"CLE, MIA",11.8,57.7,8.1,31.0,0.21,56.1,20.1,Elite,95,Limited,,
Jordan Franks,2018,2018,1,22,6,0,3.0,2,37,0,1,0.0,CIN,18.5,66.7,0.0,6.2,0.0,50.0,10.6,Average,372,Minimal,,
Jordan Leggett,2018,2018,1,23,15,4,24.0,14,114,1,6,0.0,NYJ,8.1,58.3,7.1,7.6,0.07,42.9,8.4,Below Average,529,Minimal,,
Jordan Reed,2013,2020,7,30,75,36,492.0,355,3602,28,200,7.0,"SFO, WAS",10.1,72.2,7.9,48.0,0.37,56.3,30.4,Elite,36,Moderate,2015-2017,23.5
Jordan Thomas,2018,2020,3,24,27,12,32.0,22,226,5,13,0.0,"2TM, HOU",10.3,68.8,22.7,8.4,0.19,59.1,11.0,Good,341,Minimal,,
Jordan Thompson,2014,2014,1,25,2,0,1.0,0,0,0,0,0.0,DET,,0.0,,0.0,0.0,,0.0,Unranked,621,,,
Jorvorskie Lane,2015,2015,1,28,16,6,2.0,2,13,0,0,0.0,TAM,6.5,100.0,0.0,0.8,0.0,0.0,10.9,Good,347,Minimal,,
Joseph Fauria,2013,2014,2,24,23,2,42.0,24,281,8,18,0.0,DET,11.7,57.1,33.3,12.2,0.35,75.0,11.1,Good,333,Minimal,,
Josh Baker,2011,2011,1,25,11,0,4.0,3,27,1,2,0.0,NYJ,9.0,75.0,33.3,2.5,0.09,66.7,10.0,Average,421,Minimal,,
Josh Hill,2013,2020,8,30,117,61,173.0,116,1071,15,59,3.0,NOR,9.2,67.1,12.9,9.2,0.13,50.9,16.5,Great,136,Limited,,
Josh Norman,2002,2003,2,23,18,2,37.0,22,273,2,13,0.0,SDG,12.4,59.5,9.1,15.2,0.11,59.1,11.3,Good,313,Minimal,,
Josh Oliver,2019,2023,4,26,52,25,74.0,48,443,4,23,2.0,"BAL, JAX, MIN",9.2,64.9,8.3,8.5,0.08,47.9,11.2,Good,324,Minimal,,
Josh Whyle,2023,2023,1,24,11,3,15.0,9,94,1,8,0.0,TEN,10.4,60.0,11.1,8.5,0.09,88.9,8.9,Below Average,498,Minimal,,
Joshua Perkins,2016,2019,3,26,22,2,29.0,17,196,2,11,0.0,"ATL, PHI",11.5,58.6,11.8,8.9,0.09,64.7,9.6,Average,452,Minimal,,
Josiah Deguara,2020,2023,4,26,50,10,58.0,47,436,2,17,0.0,GNB,9.3,81.0,4.3,8.7,0.04,36.2,12.0,Good,271,Minimal,,
Julian Hill,2023,2023,1,23,15,4,9.0,6,48,0,2,1.0,MIA,8.0,66.7,0.0,3.2,0.0,33.3,8.5,Below Average,526,Minimal,,
Julius Thomas,2011,2017,6,29,67,53,352.0,226,2406,36,129,2.0,"DEN, JAX, MIA",10.6,64.2,15.9,35.9,0.54,57.1,27.5,Elite,46,Limited,2013-2015,25.3
Justice Cunningham,2013,2013,1,22,2,0,1.0,1,4,0,0,0.0,2TM,4.0,100.0,0.0,2.0,0.0,0.0,10.3,Average,396,Minimal,,
Justin Peelle,2002,2011,10,32,151,68,194.0,123,1003,12,55,1.0,"ATL, MIA, SDG, SFO",8.2,63.4,9.8,6.6,0.08,44.7,17.1,Great,128,Limited,,
Justin Perillo,2015,2016,2,25,18,1,18.0,15,137,1,6,0.0,GNB,9.1,83.3,6.7,7.6,0.06,40.0,10.7,Good,361,Minimal,,
Justin Swift,2000,2002,3,27,48,7,29.0,22,137,1,7,0.0,SFO,6.2,75.9,4.5,2.9,0.02,31.8,10.8,Good,350,Minimal,,
Juwan Johnson,2022,2023,2,27,29,23,124.0,79,876,11,48,0.0,NOR,11.1,63.7,13.9,30.2,0.38,60.8,14.6,Great,168,Minimal,,
Kaden Smith,2019,2021,3,24,33,22,66.0,52,413,3,21,3.0,NYG,7.9,78.8,5.8,12.5,0.09,40.4,11.8,Good,285,Minimal,,
Kahale Warring,2020,2020,1,23,7,0,7.0,3,35,0,2,0.0,HOU,11.7,42.9,0.0,5.0,0.0,66.7,7.2,Below Average,572,Minimal,,
Kaseem Sinceno,2000,2000,1,24,11,11,41.0,23,206,0,12,0.0,CHI,9.0,56.1,0.0,18.7,0.0,52.2,9.6,Average,452,Minimal,,
Keith Heinrich,2003,2004,2,25,14,3,10.0,9,65,2,5,0.0,CLE,7.2,90.0,22.2,4.6,0.14,55.6,12.2,Good,262,Minimal,,
Keith Zinger,2009,2009,1,25,15,2,1.0,0,0,0,0,0.0,ATL,,0.0,,0.0,0.0,,0.0,Unranked,621,,,
Kellen Davis,2009,2016,8,31,109,55,114.0,53,579,13,34,1.0,"CHI, DET, NYJ, SEA",10.9,46.5,24.5,5.3,0.12,64.2,13.0,Great,215,Minimal,,
Kellen Winslow,2004,2013,9,30,105,83,759.0,469,5236,25,268,7.0,"CLE, NWE, NYJ, TAM",11.2,61.8,5.3,49.9,0.24,57.1,36.4,Elite,25,Moderate,2010-2013,19.3
Ken Dilger,2000,2004,5,33,79,76,270.0,174,1799,10,81,5.0,"IND, TAM",10.3,64.4,5.7,22.8,0.13,46.6,20.0,Elite,97,Limited,2001-2004,19.5
Kendall Blanton,2021,2022,2,27,15,2,9.0,6,72,0,3,1.0,LAR,12.0,66.7,0.0,4.8,0.0,50.0,9.4,Average,465,Minimal,,
Kenny Yeboah,2021,2023,2,25,14,1,7.0,4,64,0,3,0.0,NYJ,16.0,57.1,0.0,4.6,0.0,75.0,9.4,Average,465,Minimal,,
Kevin Boss,2007,2012,6,28,74,58,251.0,150,2033,22,96,1.0,"KAN, NYG, OAK",13.6,59.8,14.7,27.5,0.3,64.0,22.0,Elite,74,Limited,2008-2010,22.5
Kevin Brock,2011,2014,3,28,24,2,14.0,10,84,0,6,0.0,"2TM, BUF, CIN",8.4,71.4,0.0,3.5,0.0,60.0,9.7,Average,442,Minimal,,
Kevin Everett,2006,2007,2,25,17,5,2.0,2,4,0,0,0.0,BUF,2.0,100.0,0.0,0.2,0.0,0.0,10.4,Average,386,Minimal,,
Kevin Rader,2020,2023,3,28,21,2,7.0,3,14,0,0,0.0,"PIT, TEN",4.7,42.9,0.0,0.7,0.0,0.0,5.7,Below Average,605,Minimal,,
Kevin Ware,2003,2004,2,24,16,2,8.0,4,26,0,0,0.0,"SFO, WAS",6.5,50.0,0.0,1.6,0.0,0.0,7.5,Below Average,562,Minimal,,
Khari Lee,2015,2018,3,26,26,7,5.0,2,12,0,0,0.0,"BUF, CHI, DET",6.0,40.0,0.0,0.5,0.0,0.0,5.7,Below Average,605,Minimal,,
Kirk McMullen,2001,2001,1,24,7,2,6.0,2,15,0,2,0.0,CIN,7.5,33.3,0.0,2.1,0.0,100.0,6.1,Below Average,601,Minimal,,
Ko Kieft,2022,2023,2,25,33,18,15.0,8,82,2,6,0.0,TAM,10.2,53.3,25.0,2.5,0.06,75.0,8.4,Below Average,529,Minimal,,
Konrad Reuland,2012,2013,2,26,26,3,19.0,12,90,0,6,0.0,NYJ,7.5,63.2,0.0,3.5,0.0,50.0,8.4,Below Average,529,Minimal,,
Kory Sperry,2009,2013,4,28,39,8,16.0,9,152,1,8,0.0,"ARI, MIA, SDG",16.9,56.2,11.1,3.9,0.03,88.9,10.5,Average,377,Minimal,,
Kris Mangum,2000,2006,7,33,107,60,242.0,145,1357,9,86,0.0,CAR,9.4,59.9,6.2,12.7,0.08,59.3,18.0,Elite,116,Limited,,
Kris Wilson,2005,2010,3,29,44,8,11.0,13,134,1,5,1.0,"KAN, SDG",10.3,118.2,7.7,3.0,0.02,38.5,14.6,Great,168,Minimal,,
Kyle Adams,2012,2012,1,24,15,2,8.0,4,40,0,2,0.0,CHI,10.0,50.0,0.0,2.7,0.0,50.0,7.5,Below Average,562,Minimal,,
Kyle Brady,2000,2007,8,35,121,107,343.0,218,2224,14,120,6.0,"JAX, NWE",10.2,63.6,6.4,18.4,0.12,55.0,23.3,Elite,67,Limited,2000-2002,19.7
Kyle Pitts,2021,2023,3,23,44,40,259.0,149,2049,6,98,0.0,ATL,13.8,57.5,4.0,46.6,0.14,65.8,17.4,Great,126,Limited,2021-2023,18.6
Kyle Rudolph,2011,2022,12,33,165,145,709.0,482,4773,50,268,2.0,"MIN, NYG, TAM",9.9,68.0,10.4,28.9,0.3,55.6,41.9,Elite,16,Moderate,2017-2019,23.5
Kylen Granson,2021,2023,3,25,45,11,105.0,72,776,1,40,1.0,IND,10.8,68.6,1.4,17.2,0.02,55.6,12.4,Good,249,Minimal,,
L.J. Smith,2003,2009,7,29,98,65,392.0,233,2556,18,131,3.0,"BAL, PHI",11.0,59.4,7.7,26.1,0.18,56.2,25.1,Elite,54,Limited,2004-2006,20.5
Ladarius Green,2012,2016,4,26,37,18,126.0,78,1015,5,49,0.0,"PIT, SDG",13.0,61.9,6.4,27.4,0.14,62.8,13.8,Great,190,Minimal,,
Lamont Hall,2000,2005,5,31,80,19,20.0,16,94,2,8,1.0,NOR,5.9,80.0,12.5,1.2,0.02,50.0,11.2,Good,324,Minimal,,
Lance Kendricks,2012,2019,7,31,107,69,292.0,184,1945,15,94,2.0,"GNB, LAC, LAR, STL",10.6,63.0,8.2,18.2,0.14,51.1,19.5,Elite,102,Limited,2012-2015,22.7
Larry Donnell,2013,2016,4,28,54,27,161.0,110,969,9,54,5.0,NYG,8.8,68.3,8.2,17.9,0.17,49.1,14.9,Great,162,Limited,,
Lawrence Cager,2023,2023,1,26,11,0,5.0,4,36,1,2,0.0,NYG,9.0,80.0,25.0,3.3,0.09,50.0,10.0,Average,421,Minimal,,
Lee Smith,2011,2021,9,34,117,67,79.0,65,479,8,26,0.0,"ATL, BUF, OAK",7.4,82.3,12.3,4.1,0.07,40.0,14.2,Great,178,Minimal,,
Lee Vickers,2007,2007,1,26,9,2,5.0,2,4,0,0,0.0,BAL,2.0,40.0,0.0,0.4,0.0,0.0,5.1,Below Average,614,Minimal,,
Leonard Pope,2006,2012,7,29,103,51,157.0,105,982,11,50,1.0,"ARI, KAN, PIT",9.4,66.9,10.5,9.5,0.11,47.6,15.9,Great,142,Limited,,
Leonard Stephens,2002,2002,1,24,5,0,4.0,1,13,0,1,0.0,WAS,13.0,25.0,0.0,2.6,0.0,100.0,6.6,Below Average,597,Minimal,,
Levine Toilolo,2013,2020,8,29,124,69,146.0,102,1042,8,56,1.0,"ATL, DET, NYG, SFO",10.2,69.9,7.8,8.4,0.06,54.9,15.1,Great,157,Limited,,
Logan Paulsen,2010,2018,8,31,120,65,146.0,91,907,7,45,3.0,"ATL, CHI, SFO, WAS",10.0,62.3,7.7,7.6,0.06,49.5,14.3,Great,176,Minimal,,
Logan Thomas,2017,2023,7,32,92,57,328.0,219,2002,16,97,3.0,"BUF, DET, WAS",9.1,66.8,7.3,21.8,0.17,44.3,20.5,Elite,90,Limited,2020-2023,19.6
Lorenzo Diamond,2004,2005,2,26,21,11,17.0,11,73,0,3,0.0,"ARI, MIA",6.6,64.7,0.0,3.5,0.0,27.3,8.6,Below Average,519,Minimal,,
Lucas Krull,2023,2023,1,25,7,2,14.0,8,95,1,5,0.0,DEN,11.9,57.1,12.5,13.6,0.14,62.5,8.9,Below Average,498,Minimal,,
Luke Farrell,2021,2023,3,26,49,12,30.0,24,251,0,11,1.0,JAX,10.5,80.0,0.0,5.1,0.0,45.8,10.9,Good,347,Minimal,,
Luke Musgrave,2023,2023,1,23,11,9,46.0,34,352,1,14,0.0,GNB,10.4,73.9,2.9,32.0,0.09,41.2,11.0,Good,341,Minimal,,
Luke Schoonmaker,2023,2023,1,25,17,0,15.0,8,65,2,5,0.0,DAL,8.1,53.3,25.0,3.8,0.12,62.5,8.0,Below Average,551,Minimal,,
Luke Stocker,2012,2021,8,33,113,73,101.0,66,572,5,29,1.0,"2TM, ATL, MIN, TAM, TEN",8.7,65.3,7.6,5.1,0.04,43.9,11.9,Good,281,Minimal,,
Luke Willson,2013,2020,8,30,102,52,169.0,111,1307,11,64,0.0,"2TM, DET, SEA",11.8,65.7,9.9,12.8,0.11,57.7,16.4,Great,137,Limited,,
Luther Broughton,2000,2001,2,27,30,1,22.0,14,126,0,9,1.0,"CAR, PHI",9.0,63.6,0.0,4.2,0.0,64.3,9.9,Average,429,Minimal,,
Malcolm Johnson,2016,2016,1,24,7,1,7.0,5,44,0,2,1.0,CLE,8.8,71.4,0.0,6.3,0.0,40.0,9.1,Average,487,Minimal,,
MarQueis Gray,2013,2017,5,28,61,14,41.0,27,328,0,16,0.0,"2TM, BUF, CLE, MIA",12.1,65.9,0.0,5.4,0.0,59.3,10.3,Average,396,Minimal,,
Marcedes Lewis,2006,2023,18,39,268,225,735.0,436,5113,40,247,5.0,"CHI, GNB, JAX",11.7,59.3,9.2,19.1,0.15,56.7,38.5,Elite,22,Moderate,2008-2010,21.3
Marcel Jensen,2014,2014,1,24,1,0,1.0,1,8,0,0,0.0,JAX,8.0,100.0,0.0,8.0,0.0,0.0,11.2,Good,324,Minimal,,
Marcellus Rivers,2001,2007,6,29,79,14,78.0,51,395,4,24,1.0,"HOU, NWE, NYG",7.7,65.4,7.8,5.0,0.05,47.1,12.2,Good,262,Minimal,,
Marco Battaglia,2000,2002,3,29,30,11,61.0,27,232,0,19,1.0,"2TM, CIN",8.6,44.3,0.0,7.7,0.0,70.4,8.6,Below Average,519,Minimal,,
Marcus Baugh,2020,2020,1,26,8,1,1.0,1,2,0,0,0.0,WAS,2.0,100.0,0.0,0.2,0.0,0.0,9.9,Average,429,Minimal,,
Marcus Pollard,2000,2007,8,35,119,102,413.0,275,3395,31,164,3.0,"DET, IND, SEA",12.3,66.6,11.3,28.5,0.26,59.6,32.1,Elite,31,Limited,2000-2002,24.2
Mark Andrews,2018,2023,6,28,87,42,563.0,381,4857,40,259,7.0,BAL,12.7,67.7,10.5,55.8,0.46,68.0,36.6,Elite,23,Moderate,2018-2020,23.7
Mark Bruener,2000,2007,8,35,112,68,102.0,59,504,7,28,0.0,"HOU, PIT",8.5,57.8,11.9,4.5,0.06,47.5,12.8,Great,229,Minimal,,
Mark Campbell,2000,2008,7,33,97,73,216.0,137,1225,12,55,1.0,"BUF, CLE, NOR",8.9,63.4,8.8,12.6,0.12,40.1,17.9,Elite,118,Limited,,
Martellus Bennett,2008,2017,10,30,144,107,638.0,433,4573,30,214,4.0,"2TM, CHI, DAL, NWE, NYG",10.6,67.9,6.9,31.8,0.21,49.4,35.2,Elite,28,Moderate,2014-2016,21.5
Martin Rucker,2008,2011,2,26,7,1,7.0,2,17,0,2,0.0,"2TM, CLE",8.5,28.6,0.0,2.4,0.0,100.0,5.6,Below Average,608,Minimal,,
Martrez Milner,2007,2007,1,23,8,2,9.0,9,50,0,2,0.0,ATL,5.6,100.0,0.0,6.2,0.0,22.2,11.4,Good,307,Minimal,,
Mason Schreck,2020,2022,2,29,17,2,3.0,2,6,0,0,0.0,"CIN, HOU",3.0,66.7,0.0,0.4,0.0,0.0,7.3,Below Average,568,Minimal,,
Matt Cushing,2000,2004,4,29,42,4,13.0,11,62,1,3,0.0,PIT,5.6,84.6,9.1,1.5,0.02,27.3,11.1,Good,333,Minimal,,
Matt Flanagan,2018,2018,1,23,3,1,1.0,1,14,0,1,0.0,WAS,14.0,100.0,0.0,4.7,0.0,100.0,12.4,Good,249,Minimal,,
Matt Kranchick,2005,2005,1,26,6,1,1.0,1,6,0,0,0.0,2TM,6.0,100.0,0.0,1.0,0.0,0.0,11.3,Good,313,Minimal,,
Matt LaCosse,2015,2019,4,27,33,14,60.0,40,403,2,19,0.0,"2TM, DEN, NWE, NYG",10.1,66.7,5.0,12.2,0.06,47.5,10.8,Good,350,Minimal,,
Matt Lengel,2016,2018,2,28,17,2,11.0,5,39,2,3,0.0,"CIN, NWE",7.8,45.5,40.0,2.3,0.12,60.0,7.1,Below Average,577,Minimal,,
Matt Murphy,2002,2005,3,25,23,3,9.0,3,34,0,3,0.0,"DET, HOU",11.3,33.3,0.0,1.5,0.0,100.0,7.1,Below Average,577,Minimal,,
Matt Schobel,2002,2008,7,30,99,24,168.0,117,1270,12,58,5.0,"CIN, PHI",10.9,69.6,10.3,12.8,0.12,49.6,18.7,Elite,108,Limited,,
Matt Spaeth,2007,2015,9,32,123,72,87.0,55,420,10,25,1.0,"CHI, PIT",7.6,63.2,18.2,3.4,0.08,45.5,12.7,Great,233,Minimal,,
Matthew Mulligan,2009,2016,7,31,85,29,28.0,18,170,2,8,0.0,"BUF, DET, NWE, NYJ, STL",9.4,64.3,11.1,2.0,0.02,44.4,10.0,Average,421,Minimal,,
Maxx Williams,2015,2022,7,28,79,45,132.0,105,1012,6,54,2.0,"ARI, BAL",9.6,79.5,5.7,12.8,0.08,51.4,15.3,Great,155,Limited,,
Michael Burton,2015,2015,1,23,16,7,6.0,6,39,1,3,0.0,DET,6.5,100.0,16.7,2.4,0.06,50.0,11.3,Good,313,Minimal,,
Michael Egnew,2013,2013,1,24,16,5,11.0,7,69,0,2,0.0,MIA,9.9,63.6,0.0,4.3,0.0,28.6,8.7,Below Average,512,Minimal,,
Michael Gaines,2004,2009,6,29,83,48,139.0,84,869,6,50,3.0,"2TM, BUF, CAR, DET",10.3,60.4,7.1,10.5,0.07,59.5,13.9,Great,184,Minimal,,
Michael Higgins,2011,2012,2,25,4,1,2.0,2,1,0,0,0.0,NOR,0.5,100.0,0.0,0.2,0.0,0.0,10.1,Average,412,Minimal,,
Michael Hoomanawanui,2010,2017,6,29,79,49,80.0,50,563,8,33,1.0,"2TM, NOR, NWE, STL",11.3,62.5,16.0,7.1,0.1,66.0,13.3,Great,204,Minimal,,
Michael Matthews,2007,2009,3,26,39,11,17.0,8,54,0,2,0.0,"2TM, NYG",6.8,47.1,0.0,1.4,0.0,25.0,7.0,Below Average,581,Minimal,,
Michael Mayer,2023,2023,1,22,14,12,40.0,27,304,2,19,0.0,LVR,11.3,67.5,7.4,21.7,0.14,70.4,10.8,Good,350,Minimal,,
Michael Palmer,2010,2014,5,26,74,6,33.0,23,132,4,9,0.0,"ATL, PIT",5.7,69.7,17.4,1.8,0.05,39.1,10.2,Average,404,Minimal,,
Michael Roan,2000,2000,1,28,1,1,3.0,3,12,0,0,0.0,TEN,4.0,100.0,0.0,12.0,0.0,0.0,11.6,Good,296,Minimal,,
Michael Roberts,2017,2018,2,24,23,5,27.0,13,146,3,7,0.0,DET,11.2,48.1,23.1,6.3,0.13,53.8,8.6,Below Average,519,Minimal,,
Michael Williams,2015,2015,1,25,15,9,6.0,3,26,0,1,0.0,NWE,8.7,50.0,0.0,1.7,0.0,33.3,7.1,Below Average,577,Minimal,,
Mickey Shuler,2010,2014,2,28,9,3,8.0,2,44,0,2,0.0,"JAX, MIA",22.0,25.0,0.0,4.9,0.0,100.0,8.2,Below Average,538,Minimal,,
Mike Caussin,2011,2011,1,24,6,2,6.0,5,41,0,2,0.0,BUF,8.2,83.3,0.0,6.8,0.0,40.0,10.4,Average,386,Minimal,,
Mike Gesicki,2018,2023,6,28,98,41,415.0,260,2861,20,139,2.0,"MIA, NWE",11.0,62.7,7.7,29.2,0.2,53.5,24.2,Elite,61,Limited,2020-2022,20.7
Mike Lucky,2001,2002,2,27,32,5,24.0,14,118,1,8,0.0,DAL,8.4,58.3,7.1,3.7,0.03,57.1,9.5,Average,461,Minimal,,
Mike McNeill,2012,2013,2,25,28,1,8.0,5,36,0,1,0.0,STL,7.2,62.5,0.0,1.3,0.0,20.0,7.9,Below Average,553,Minimal,,
Mike Roberg,2002,2002,1,25,12,1,4.0,2,17,1,2,0.0,IND,8.5,50.0,50.0,1.4,0.08,100.0,8.2,Below Average,538,Minimal,,
Mike Seidman,2003,2005,3,24,40,12,27.0,18,158,2,10,1.0,CAR,8.8,66.7,11.1,4.0,0.05,55.6,10.8,Good,350,Minimal,,
Mike Sellers,2000,2005,3,30,39,19,40.0,27,223,11,21,0.0,"CLE, WAS",8.3,67.5,40.7,5.7,0.28,77.8,13.4,Great,199,Minimal,,
Mikhael Ricks,2001,2003,3,29,46,18,159.0,82,1025,6,52,0.0,"DET, KAN",12.5,51.6,7.3,22.3,0.13,63.4,14.7,Great,166,Minimal,,
Miller Forristall,2022,2022,1,24,4,0,1.0,0,0,0,0,0.0,CLE,,0.0,,0.0,0.0,,0.0,Unranked,621,,,
Mitchell Wilcox,2021,2023,3,27,48,9,35.0,29,211,1,8,0.0,CIN,7.3,82.9,3.4,4.4,0.02,27.6,10.7,Good,361,Minimal,,
Mo Alie-Cox,2018,2023,6,30,91,34,158.0,102,1286,14,62,3.0,IND,12.6,64.6,13.7,14.1,0.15,60.8,16.9,Great,131,Limited,,
Mondriel Fulcher,2001,2002,2,26,15,1,2.0,0,0,0,0,0.0,OAK,,0.0,,0.0,0.0,,0.0,Unranked,621,,,
MyCole Pruitt,2015,2023,8,31,108,39,96.0,71,748,12,43,1.0,"2TM, ATL, MIN, TEN",10.5,74.0,16.9,6.9,0.11,60.6,15.1,Great,157,Minimal,,
Mychal Rivera,2013,2016,4,26,61,15,230.0,146,1413,10,78,5.0,OAK,9.7,63.5,6.8,23.2,0.16,53.4,16.6,Great,133,Limited,2013-2015,19.1
Nate Adkins,2023,2023,1,24,10,1,5.0,4,22,0,1,0.0,DEN,5.5,80.0,0.0,2.2,0.0,25.0,9.0,Below Average,493,Minimal,,
Nate Byham,2010,2013,3,25,29,8,14.0,11,83,1,5,0.0,"SFO, TAM",7.5,78.6,9.1,2.9,0.03,45.5,10.3,Average,396,Minimal,,
Nate Lawrie,2004,2008,3,27,17,3,7.0,4,43,0,2,0.0,"CIN, NOR, TAM",10.8,57.1,0.0,2.5,0.0,50.0,8.7,Below Average,512,Minimal,,
Nic Jacobs,2014,2015,2,24,24,6,6.0,3,22,1,2,0.0,JAX,7.3,50.0,33.3,0.9,0.04,66.7,7.1,Below Average,577,Minimal,,
Nick Boyle,2015,2021,7,28,78,53,165.0,121,1049,4,53,0.0,BAL,8.7,73.3,3.3,13.4,0.05,43.8,14.5,Great,172,Limited,,
Nick Kasa,2013,2013,1,23,16,1,5.0,1,9,1,1,0.0,OAK,9.0,20.0,100.0,0.6,0.06,100.0,4.8,Below Average,617,Minimal,,
Nick Keizer,2020,2020,1,25,16,3,9.0,6,63,0,2,1.0,KAN,10.5,66.7,0.0,3.9,0.0,33.3,9.1,Average,487,Minimal,,
Nick Muse,2023,2023,1,25,2,0,1.0,1,22,0,1,0.0,MIN,22.0,100.0,0.0,11.0,0.0,100.0,14.1,Great,180,Minimal,,
Nick O'Leary,2015,2019,4,27,43,17,63.0,44,554,4,25,2.0,"2TM, BUF, MIA",12.6,69.8,9.1,12.9,0.09,56.8,12.4,Good,249,Minimal,,
Nick Vannett,2016,2023,8,30,94,43,130.0,91,877,6,44,1.0,"2TM, DEN, LAC, NOR, SEA",9.6,70.0,6.6,9.3,0.06,48.4,13.9,Great,184,Minimal,,
Niles Paul,2014,2017,2,28,30,15,71.0,52,601,1,23,1.0,WAS,11.6,73.2,1.9,20.0,0.03,44.2,12.0,Good,271,Minimal,,
Noah Fant,2019,2023,5,26,81,74,355.0,252,2805,14,126,1.0,"DEN, SEA",11.1,71.0,5.6,34.6,0.17,50.0,23.1,Elite,69,Limited,2021-2023,21.6
Noah Gray,2021,2023,3,24,50,19,85.0,63,640,4,32,0.0,KAN,10.2,74.1,6.3,12.8,0.08,50.8,12.9,Great,221,Minimal,,
Noah Togiai,2020,2022,2,25,6,0,2.0,0,0,0,0,0.0,"IND, PHI",,0.0,,0.0,0.0,,0.0,Unranked,621,,,
O.J. Howard,2017,2022,6,28,72,56,203.0,129,1882,17,95,4.0,"HOU, TAM",14.6,63.5,13.2,26.1,0.24,73.6,19.8,Elite,99,Limited,2017-2019,24.7
O.J. Santiago,2001,2003,2,29,26,19,34.0,22,222,2,9,0.0,"CLE, OAK",10.1,64.7,9.1,8.5,0.08,40.9,11.1,Good,333,Minimal,,
Orson Charles,2012,2018,4,27,47,8,19.0,14,185,0,6,0.0,"CIN, CLE, KAN",13.2,73.7,0.0,3.9,0.0,42.9,10.6,Average,372,Minimal,,
Owen Daniels,2006,2015,10,33,131,125,758.0,479,5661,36,320,7.0,"BAL, DEN, HOU",11.8,63.2,7.5,43.2,0.27,66.8,41.1,Elite,17,Moderate,2007-2009,21.0
Parker Hesse,2022,2022,1,27,17,7,11.0,9,89,0,6,0.0,ATL,9.9,81.8,0.0,5.2,0.0,66.7,10.4,Average,386,Minimal,,
Pat Freiermuth,2021,2023,3,25,44,26,224.0,155,1537,11,88,1.0,PIT,9.9,69.2,7.1,34.9,0.25,56.8,17.8,Elite,120,Limited,2021-2023,20.6
Patrick Hape,2000,2004,4,30,64,7,48.0,23,130,6,12,0.0,"DEN, TAM",5.7,47.9,26.1,2.0,0.09,52.2,9.4,Average,465,Minimal,,
Paul Irons,2005,2005,1,22,2,1,2.0,2,16,0,1,0.0,CLE,8.0,100.0,0.0,8.0,0.0,50.0,11.8,Good,285,Minimal,,
Payne Durham,2023,2023,1,23,13,2,7.0,5,58,0,3,0.0,TAM,11.6,71.4,0.0,4.5,0.0,60.0,9.7,Average,442,Minimal,,
Pete Mitchell,2000,2002,3,31,35,17,78.0,55,520,3,32,1.0,"DET, JAX, NYG",9.5,70.5,5.5,14.9,0.09,58.2,13.3,Great,204,Minimal,,
Peyton Hendershot,2022,2023,2,24,25,3,23.0,15,141,2,9,1.0,DAL,9.4,65.2,13.3,5.6,0.08,60.0,9.5,Average,461,Minimal,,
Pharaoh Brown,2019,2023,5,29,70,46,88.0,64,686,3,30,2.0,"2TM, CLE, HOU, NWE",10.7,72.7,4.7,9.8,0.04,46.9,12.7,Great,233,Minimal,,
Phillip Supernaw,2014,2017,4,27,55,7,18.0,14,163,1,8,1.0,"2TM, TEN",11.6,77.8,7.1,3.0,0.02,57.1,10.8,Good,350,Minimal,,
Quinn Sypniewski,2006,2007,2,25,31,12,54.0,36,261,1,15,1.0,BAL,7.2,66.7,2.8,8.4,0.03,41.7,10.1,Average,412,Minimal,,
Quintin Morris,2022,2023,2,24,29,1,14.0,10,110,2,7,1.0,BUF,11.0,71.4,20.0,3.8,0.07,70.0,10.2,Average,404,Minimal,,
Randal Williams,2006,2006,1,28,16,10,57.0,28,293,0,14,2.0,OAK,10.5,49.1,0.0,18.3,0.0,50.0,8.9,Below Average,498,Minimal,,
Randall Telfer,2016,2017,2,25,30,19,11.0,5,40,0,2,0.0,CLE,8.0,45.5,0.0,1.3,0.0,40.0,6.7,Below Average,591,Minimal,,
Randy McMichael,2002,2012,11,33,164,150,703.0,426,4539,24,235,5.0,"MIA, SDG, STL",10.7,60.6,5.6,27.7,0.15,55.2,35.7,Elite,27,Moderate,2002-2004,19.1
Rashod Kent,2003,2003,1,23,7,4,1.0,0,0,0,0,0.0,HOU,,0.0,,0.0,0.0,,0.0,Unranked,621,,,
Reggie Davis,2000,2000,1,24,10,0,1.0,1,8,0,0,0.0,SDG,8.0,100.0,0.0,0.8,0.0,0.0,12.5,Great,245,Minimal,,
Reggie Kelly,2000,2011,11,34,168,147,276.0,187,1621,5,63,2.0,"ATL, CIN",8.7,67.8,2.7,9.6,0.03,33.7,18.3,Elite,111,Limited,,
Rhett Ellison,2014,2018,5,30,76,54,125.0,88,896,5,45,0.0,"MIN, NYG",10.2,70.4,5.7,11.8,0.07,51.1,13.8,Great,190,Minimal,,
Rich Griffith,2000,2000,1,31,16,1,3.0,0,0,0,0,0.0,JAX,,0.0,,0.0,0.0,,0.0,Unranked,621,,,
Richard Angulo,2003,2008,4,28,27,6,22.0,17,155,1,5,0.0,"JAX, MIN, STL",9.1,77.3,5.9,5.7,0.04,29.4,11.5,Good,299,Minimal,,
Richard Gordon,2011,2014,4,27,34,5,10.0,4,14,1,1,0.0,"2TM, KAN, OAK",3.5,40.0,25.0,0.4,0.03,25.0,5.7,Below Average,605,Minimal,,
Richard Owens,2004,2007,4,27,53,7,21.0,17,141,1,9,0.0,"MIN, STL",8.3,81.0,5.9,2.7,0.02,52.9,11.0,Good,341,Minimal,,
Richard Quinn,2009,2010,2,24,29,4,3.0,1,9,0,0,0.0,DEN,9.0,33.3,0.0,0.3,0.0,0.0,6.0,Below Average,602,Minimal,,
Richard Rodgers,2014,2022,8,30,97,29,219.0,148,1533,15,76,0.0,"GNB, LAC, PHI",10.4,67.6,10.1,15.8,0.15,51.4,18.3,Elite,111,Limited,,
Richie Brockel,2011,2013,3,27,43,2,5.0,4,25,0,2,1.0,CAR,6.2,80.0,0.0,0.6,0.0,50.0,9.7,Average,442,Minimal,,
Rickey Dudley,2000,2004,5,32,44,25,106.0,64,747,8,37,1.0,"CLE, OAK, TAM",11.7,60.4,12.5,17.0,0.18,57.8,14.7,Great,166,Minimal,,
Ricky Seals-Jones,2018,2021,2,26,28,11,118.0,64,614,3,28,0.0,"ARI, WAS",9.6,54.2,4.7,21.9,0.11,43.8,10.7,Good,361,Minimal,,
Rico Gathers,2018,2018,1,24,15,4,7.0,3,45,0,2,0.0,DAL,15.0,42.9,0.0,3.0,0.0,66.7,7.9,Below Average,553,Minimal,,
Rishard Matthews,2013,2013,1,24,16,5,67.0,41,448,2,26,0.0,MIA,10.9,61.2,4.9,28.0,0.12,63.4,10.7,Good,361,Minimal,,
Rob Gronkowski,2010,2021,11,32,143,128,960.0,621,9286,92,461,5.0,"NWE, TAM",15.0,64.7,14.8,64.9,0.64,74.2,65.6,Elite,5,Moderate,2010-2012,28.1
Rob Housler,2011,2015,5,27,65,28,175.0,109,1166,1,57,3.0,"2TM, ARI",10.7,62.3,0.9,17.9,0.02,52.3,14.0,Great,181,Limited,,
Robert Johnson,2005,2005,1,25,2,0,2.0,1,14,0,1,0.0,WAS,14.0,50.0,0.0,7.0,0.0,100.0,8.6,Below Average,519,Minimal,,
Robert Royal,2003,2010,8,31,110,81,233.0,128,1271,14,63,5.0,"BUF, CLE, WAS",9.9,54.9,10.9,11.6,0.13,49.2,17.9,Elite,118,Limited,,
Robert Tonyan,2018,2023,6,29,85,24,193.0,148,1549,17,76,0.0,"CHI, GNB",10.5,76.7,11.5,18.2,0.2,51.4,19.6,Elite,101,Limited,,
Rod Rutledge,2000,2002,3,27,38,30,31.0,20,138,1,3,0.0,"HOU, NWE",6.9,64.5,5.0,3.6,0.03,15.0,9.8,Average,436,Minimal,,
Rod Trafford,2004,2004,1,26,4,0,4.0,3,25,0,2,0.0,BUF,8.3,75.0,0.0,6.2,0.0,66.7,9.7,Average,442,Minimal,,
Rodney Williams,2023,2023,1,25,13,0,2.0,0,0,0,0,0.0,PIT,,0.0,,0.0,0.0,,0.0,Unranked,621,,,
Rodrick Monroe,2001,2001,1,25,7,3,1.0,0,0,0,0,0.0,CLE,,0.0,,0.0,0.0,,0.0,Unranked,621,,,
Roland Williams,2000,2005,5,30,64,44,122.0,74,634,6,31,1.0,"OAK, STL",8.6,60.7,8.1,9.9,0.09,41.9,13.4,Great,199,Minimal,,
Ronnie Ghent,2007,2007,1,27,8,0,1.0,0,0,0,0,0.0,NOR,,0.0,,0.0,0.0,,0.0,Unranked,621,,,
Ross Dwelley,2018,2023,6,28,84,17,60.0,44,518,5,24,0.0,SFO,11.8,73.3,11.4,6.2,0.06,54.5,12.7,Great,233,Minimal,,
Ryan Griffin,2013,2022,10,32,134,67,324.0,210,2184,14,112,2.0,"CHI, HOU, NYJ",10.4,64.8,6.7,16.3,0.1,53.3,20.6,Elite,88,Limited,2016-2021,21.1
Ryan Hannam,2002,2005,3,25,47,5,34.0,22,215,2,14,0.0,SEA,9.8,64.7,9.1,4.6,0.04,63.6,11.1,Good,333,Minimal,,
Ryan Hewitt,2014,2018,5,27,72,39,34.0,23,221,1,9,0.0,"CIN, IND",9.6,67.6,4.3,3.1,0.01,39.1,9.8,Average,436,Minimal,,
Ryan Izzo,2019,2020,2,25,18,16,29.0,19,313,1,10,1.0,NWE,16.5,65.5,5.3,17.4,0.06,52.6,11.1,Good,333,Minimal,,
Ryan Krause,2004,2007,2,26,11,1,8.0,7,92,1,5,0.0,"GNB, SDG",13.1,87.5,14.3,8.4,0.09,71.4,12.3,Good,256,Minimal,,
Ryan Malleck,2017,2017,1,24,2,0,1.0,1,3,0,0,0.0,HOU,3.0,100.0,0.0,1.5,0.0,0.0,10.1,Average,412,Minimal,,
Ryan Neufeld,2003,2007,5,32,63,7,26.0,13,129,1,5,0.0,BUF,9.9,50.0,7.7,2.0,0.02,38.5,9.0,Below Average,493,Minimal,,
Ryan Prince,2001,2001,1,24,8,2,1.0,0,0,0,0,0.0,JAX,,0.0,,0.0,0.0,,0.0,Unranked,621,,,
Ryan Purvis,2010,2010,1,24,10,2,6.0,5,38,0,3,0.0,TAM,7.6,83.3,0.0,3.8,0.0,60.0,10.3,Average,396,Minimal,,
Ryan Taylor,2011,2013,3,26,45,2,11.0,8,45,1,5,1.0,GNB,5.6,72.7,12.5,1.0,0.02,62.5,9.3,Average,476,Minimal,,
Ryan Wetnight,2000,2000,1,30,10,0,9.0,3,20,0,0,0.0,GNB,6.7,33.3,0.0,2.0,0.0,0.0,5.9,Below Average,604,Minimal,,
Sam LaPorta,2023,2023,1,22,17,14,120.0,86,889,10,48,0.0,DET,10.3,71.7,11.6,52.3,0.59,55.8,15.0,Great,160,Minimal,,
Scott Chandler,2010,2015,6,30,89,39,316.0,205,2379,21,129,4.0,"2TM, BUF, NWE",11.6,64.9,10.2,26.7,0.24,62.9,24.0,Elite,62,Limited,2011-2013,22.3
Scott Dragos,2000,2000,1,25,9,2,6.0,4,28,0,1,0.0,CHI,7.0,66.7,0.0,3.1,0.0,25.0,9.2,Average,477,Minimal,,
Scott Simonson,2015,2019,3,27,30,5,17.0,12,107,1,8,0.0,"CAR, NYG",8.9,70.6,8.3,3.6,0.03,66.7,9.6,Average,452,Minimal,,
Sean Berton,2004,2005,2,26,28,7,12.0,10,81,0,2,0.0,"MIN, NYG",8.1,83.3,0.0,2.9,0.0,20.0,10.6,Average,372,Minimal,,
Sean Culkin,2018,2019,2,26,17,12,3.0,2,36,0,2,0.0,LAC,18.0,66.7,0.0,2.1,0.0,100.0,10.5,Average,377,Minimal,,
Sean McGrath,2013,2017,3,30,47,20,46.0,32,373,2,21,0.0,"KAN, LAC, SDG",11.7,69.6,6.2,7.9,0.04,65.6,11.2,Good,324,Minimal,,
Sean McHugh,2007,2007,1,25,15,12,29.0,17,252,0,13,0.0,DET,14.8,58.6,0.0,16.8,0.0,76.5,10.4,Average,386,Minimal,,
Sean McKeon,2021,2023,3,26,31,2,11.0,6,38,1,3,0.0,DAL,6.3,54.5,16.7,1.2,0.03,50.0,7.4,Below Average,566,Minimal,,
Sean Ryan,2006,2009,4,29,44,13,46.0,26,240,2,10,1.0,"3TM, KAN, NYJ",9.2,56.5,7.7,5.5,0.05,38.5,9.6,Average,452,Minimal,,
Seth Devalve,2016,2020,5,27,57,16,96.0,60,736,4,34,1.0,"ARI, CLE, JAX",12.3,62.5,6.7,12.9,0.07,56.7,12.4,Good,249,Minimal,,
Shad Meier,2001,2005,5,27,53,13,65.0,42,334,3,15,2.0,"NOR, TEN",8.0,64.6,7.1,6.3,0.06,35.7,11.5,Good,299,Minimal,,
Shane Zylstra,2021,2022,2,26,17,2,22.0,14,94,4,8,0.0,DET,6.7,63.6,28.6,5.5,0.24,57.1,9.2,Average,477,Minimal,,
Shannon Sharpe,2000,2003,4,35,60,58,401.0,263,3077,18,153,1.0,"BAL, DEN",11.7,65.6,6.8,51.3,0.3,58.2,27.7,Elite,45,Limited,2001-2003,20.5
Shawn Nelson,2009,2010,2,25,17,13,33.0,20,181,1,8,3.0,BUF,9.0,60.6,5.0,10.6,0.06,40.0,9.4,Average,465,Minimal,,
Sheldon Jackson,2000,2001,2,25,32,9,13.0,6,37,2,4,0.0,BUF,6.2,46.2,33.3,1.2,0.06,66.7,7.7,Below Average,558,Minimal,,
Stephen Alexander,2000,2006,7,31,88,79,324.0,181,1812,7,102,3.0,"DEN, DET, SDG, WAS",10.0,55.9,3.9,20.6,0.08,56.4,19.0,Elite,105,Limited,2000-2004,17.3
Stephen Anderson,2016,2022,5,29,77,12,105.0,63,715,3,39,0.0,"ARI, HOU, LAC",11.3,60.0,4.8,9.3,0.04,61.9,11.9,Good,281,Minimal,,
Stephen Carlson,2019,2020,2,24,25,7,9.0,6,62,1,3,0.0,CLE,10.3,66.7,16.7,2.5,0.04,50.0,9.2,Average,477,Minimal,,
Stephen Spach,2005,2011,5,29,56,24,48.0,22,137,0,7,0.0,"2TM, ARI, PHI, STL",6.2,45.8,0.0,2.4,0.0,31.8,7.2,Below Average,572,Minimal,,
Stephen Sullivan,2021,2023,3,27,28,0,31.0,14,171,0,7,0.0,CAR,12.2,45.2,0.0,6.1,0.0,50.0,8.0,Below Average,551,Minimal,,
Steve Bush,2000,2005,6,31,77,26,68.0,46,342,3,22,0.0,"ARI, CIN, SFO",7.4,67.6,6.5,4.4,0.04,47.8,11.9,Good,281,Minimal,,
Steve Heiden,2000,2009,10,33,137,83,303.0,201,1689,14,82,2.0,"CLE, SDG",8.4,66.3,7.0,12.3,0.1,40.8,21.1,Elite,83,Limited,2004-2006,21.7
Steve Maneri,2012,2012,1,24,13,8,12.0,5,51,0,3,0.0,KAN,10.2,41.7,0.0,3.9,0.0,60.0,6.9,Below Average,584,Minimal,,
Stone Smartt,2022,2023,2,25,23,4,26.0,15,172,1,7,0.0,LAC,11.5,57.7,6.7,7.5,0.04,46.7,9.1,Average,487,Minimal,,
T.J. Graham,2012,2012,1,23,15,11,58.0,31,322,1,15,0.0,BUF,10.4,53.4,3.2,21.5,0.07,48.4,9.2,Average,477,Minimal,,
T.J. Hockenson,2019,2023,5,26,72,60,500.0,341,3547,23,183,3.0,"2TM, DET, MIN",10.4,68.2,6.7,49.3,0.32,53.7,28.4,Elite,40,Moderate,2021-2023,20.8
Tanner Conner,2022,2022,1,24,13,0,3.0,0,0,0,0,0.0,MIA,,0.0,,0.0,0.0,,0.0,Unranked,621,,,
Tanner Hudson,2019,2023,4,29,43,2,77.0,54,551,1,33,0.0,"CIN, NYG, TAM",10.2,70.1,1.9,12.8,0.02,61.1,11.6,Good,296,Minimal,,
Tanner McEvoy,2016,2017,2,24,29,0,20.0,14,253,2,11,1.0,SEA,18.1,70.0,14.3,8.7,0.07,78.6,11.9,Good,281,Minimal,,
Taylor Thompson,2012,2014,3,25,35,8,25.0,11,83,1,3,0.0,TEN,7.5,44.0,9.1,2.4,0.03,27.3,6.9,Below Average,584,Minimal,,
Teagan Quitoriano,2022,2023,2,23,16,11,17.0,9,146,2,7,0.0,HOU,16.2,52.9,22.2,9.1,0.12,77.8,9.8,Average,436,Minimal,,
Temarrick Hemingway,2020,2020,1,27,8,0,2.0,1,10,0,1,0.0,WAS,10.0,50.0,0.0,1.2,0.0,100.0,7.4,Below Average,566,Minimal,,
Terry Hardy,2000,2001,2,25,24,21,67.0,38,239,3,16,3.0,ARI,6.3,56.7,7.9,10.0,0.12,42.1,10.1,Average,412,Minimal,,
Terry Jones,2002,2005,4,26,53,35,90.0,59,493,5,30,0.0,"2TM, BAL",8.4,65.6,8.5,9.3,0.09,50.8,13.1,Great,214,Minimal,,
Teyo Johnson,2003,2005,3,24,30,9,38.0,26,288,3,9,0.0,"ARI, OAK",11.1,68.4,11.5,9.6,0.1,34.6,12.1,Good,267,Minimal,,
Tim Euhus,2004,2005,2,25,23,8,20.0,14,115,2,6,0.0,BUF,8.2,70.0,14.3,5.0,0.09,42.9,10.1,Average,412,Minimal,,
Tim Massaquoi,2007,2007,1,25,4,0,1.0,0,0,0,0,0.0,BUF,,0.0,,0.0,0.0,,0.0,Unranked,621,,,
Tim Wright,2013,2015,3,25,41,11,125.0,89,907,13,56,0.0,"DET, NWE, TAM",10.2,71.2,14.6,22.1,0.32,62.9,15.9,Great,142,Minimal,,
Todd Heap,2001,2012,12,32,145,131,817.0,499,5869,42,304,7.0,"ARI, BAL",11.8,61.1,8.4,40.5,0.29,60.9,45.4,Elite,14,Moderate,2008-2010,22.0
Todd Yoder,2000,2009,9,31,134,14,78.0,48,460,8,29,1.0,"JAX, TAM, WAS",9.6,61.5,16.7,3.4,0.06,60.4,13.4,Great,199,Minimal,,
Tom Crabtree,2010,2013,4,28,53,21,34.0,22,323,5,14,0.0,"GNB, TAM",14.7,64.7,22.7,6.1,0.09,63.6,12.3,Good,256,Minimal,,
Tom Santi,2008,2009,2,24,9,4,24.0,18,171,1,9,1.0,IND,9.5,75.0,5.6,19.0,0.11,50.0,10.8,Good,350,Minimal,,
Tommy Gallarda,2012,2012,1,24,9,0,4.0,1,7,0,0,0.0,ATL,7.0,25.0,0.0,0.8,0.0,0.0,4.6,Below Average,619,Minimal,,
Tommy Hudson,2021,2021,1,24,5,0,6.0,3,31,0,2,0.0,TEN,10.3,50.0,0.0,6.2,0.0,66.7,7.5,Below Average,562,Minimal,,
Tommy Sweeney,2019,2022,3,27,24,4,26.0,18,165,1,8,1.0,BUF,9.2,69.2,5.6,6.9,0.04,44.4,9.7,Average,442,Minimal,,
Tommy Tremble,2021,2023,3,23,49,23,99.0,62,548,7,29,1.0,CAR,8.8,62.6,11.3,11.2,0.14,46.8,12.0,Good,271,Minimal,,
Tony Curtis,2007,2008,2,25,32,6,15.0,11,50,3,3,1.0,DAL,4.5,73.3,27.3,1.6,0.09,27.3,9.6,Average,452,Minimal,,
Tony Gonzalez,2000,2013,14,37,223,223,1752.0,1157,13289,96,765,1.0,"ATL, KAN",11.5,66.0,8.3,59.6,0.43,66.1,93.5,Elite,1,Extended,2002-2004,22.4
Tony McGee,2000,2003,4,32,45,39,110.0,63,751,3,35,0.0,"2TM, CIN, DAL",11.9,57.3,4.8,16.7,0.07,55.6,13.2,Great,209,Minimal,,
Tony Moeaki,2010,2015,4,28,47,31,147.0,91,1201,6,64,0.0,"ATL, KAN, SEA",13.2,61.9,6.6,25.6,0.13,70.3,15.5,Great,151,Minimal,,
Tony Scheffler,2006,2013,8,30,107,42,425.0,258,3207,22,165,4.0,"DEN, DET",12.4,60.7,8.5,30.0,0.21,64.0,27.0,Elite,47,Limited,2007-2009,22.3
Tony Stewart,2001,2009,8,30,99,31,121.0,76,623,3,34,0.0,"CIN, OAK, PHI",8.2,62.8,3.9,6.3,0.03,44.7,12.9,Great,221,Minimal,,
Tory Humphrey,2005,2010,4,27,24,9,21.0,13,181,0,9,0.0,"GNB, NOR",13.9,61.9,0.0,7.5,0.0,69.2,10.3,Average,396,Minimal,,
Travis Beckum,2009,2012,4,25,48,4,39.0,26,264,3,12,0.0,NYG,10.2,66.7,11.5,5.5,0.06,46.2,11.0,Good,341,Minimal,,
Travis Kelce,2014,2023,10,34,158,152,1267.0,907,11328,74,597,13.0,KAN,12.5,71.6,8.2,71.7,0.47,65.8,69.1,Elite,4,Extended,2020-2022,23.5
Tre' McKitty,2021,2022,2,23,28,12,26.0,16,117,0,3,1.0,LAC,7.3,61.5,0.0,4.2,0.0,18.8,8.2,Below Average,538,Minimal,,
Trent Smith,2005,2005,1,26,5,2,8.0,3,7,0,0,0.0,SFO,2.3,37.5,0.0,1.4,0.0,0.0,5.0,Below Average,616,Minimal,,
Trevon Wesco,2020,2023,4,28,53,22,14.0,7,87,0,4,0.0,"CHI, NYJ, TEN",12.4,50.0,0.0,1.6,0.0,57.1,8.1,Below Average,546,Minimal,,
Trey Burton,2015,2020,6,29,83,30,242.0,159,1532,15,84,1.0,"CHI, IND, PHI",9.6,65.7,9.4,18.5,0.18,52.8,18.3,Elite,111,Limited,2016-2020,20.2
Trey McBride,2022,2023,2,24,33,25,145.0,110,1090,4,54,2.0,ARI,9.9,75.9,3.6,33.0,0.12,49.1,14.8,Great,165,Limited,,
Troy Bienemann,2007,2007,1,24,16,4,11.0,7,46,1,2,0.0,ARI,6.6,63.6,14.3,2.9,0.06,28.6,8.6,Below Average,519,Minimal,,
Troy Drayton,2000,2000,1,30,16,1,9.0,8,70,2,5,0.0,KAN,8.8,88.9,25.0,4.4,0.12,62.5,12.5,Great,245,Minimal,,
Troy Fumagalli,2019,2020,2,25,19,5,24.0,14,118,2,7,0.0,DEN,8.4,58.3,14.3,6.2,0.11,50.0,8.7,Below Average,512,Minimal,,
Troy Hairston,2022,2022,1,24,16,5,8.0,5,19,0,0,0.0,HOU,3.8,62.5,0.0,1.2,0.0,0.0,7.2,Below Average,572,Minimal,,
Troy Niklas,2014,2017,4,25,41,18,32.0,19,203,3,11,0.0,ARI,10.7,59.4,15.8,5.0,0.07,57.9,9.7,Average,442,Minimal,,
Tucker Fisk,2023,2023,1,24,6,2,1.0,1,9,0,1,0.0,ATL,9.0,100.0,0.0,1.5,0.0,100.0,11.4,Good,307,Minimal,,
Tucker Kraft,2023,2023,1,23,17,8,40.0,31,355,2,18,0.0,GNB,11.5,77.5,6.5,20.9,0.12,58.1,11.8,Good,285,Minimal,,
Tyler Conklin,2018,2023,6,28,98,49,304.0,212,2095,7,94,4.0,"MIN, NYJ",9.9,69.7,3.3,21.4,0.07,44.3,18.9,Elite,106,Limited,2021-2023,19.1
Tyler Davis,2020,2022,3,25,39,1,14.0,8,61,0,2,0.0,"GNB, JAX",7.6,57.1,0.0,1.6,0.0,25.0,7.7,Below Average,558,Minimal,,
Tyler Eifert,2013,2020,8,30,74,41,331.0,221,2501,26,140,0.0,"CIN, JAX",11.3,66.8,11.8,33.8,0.35,63.3,24.7,Elite,57,Limited,2015-2019,24.9
Tyler Higbee,2016,2023,8,30,125,116,520.0,353,3602,22,185,2.0,LAR,10.2,67.9,6.2,28.8,0.18,52.4,28.4,Elite,40,Moderate,2019-2021,22.0
Tyler Kroft,2015,2022,8,30,92,52,155.0,105,1081,13,60,0.0,"BUF, CIN, NYJ, SFO",10.3,67.7,12.4,11.8,0.14,57.1,16.2,Great,138,Limited,,
Tyler Mabry,2022,2022,1,26,2,0,1.0,1,7,1,1,0.0,SEA,7.0,100.0,100.0,3.5,0.5,100.0,11.2,Good,324,Minimal,,
Tyree Jackson,2021,2021,1,24,9,3,7.0,3,22,1,2,0.0,PHI,7.3,42.9,33.3,2.4,0.11,66.7,6.5,Below Average,599,Minimal,,
Tyrone Davis,2000,2002,3,30,27,13,56.0,31,298,3,17,2.0,GNB,9.6,55.4,9.7,11.0,0.11,54.8,10.8,Good,350,Minimal,,
Tyrone Swoopes,2018,2019,2,25,6,3,2.0,2,28,0,1,0.0,SEA,14.0,100.0,0.0,4.7,0.0,50.0,12.4,Good,249,Minimal,,
Tyson DeVree,2008,2008,1,24,2,0,1.0,0,0,0,0,0.0,NWE,,0.0,,0.0,0.0,,0.0,Unranked,621,,,
Vance McDonald,2013,2020,7,30,90,66,244.0,157,1645,11,79,6.0,"PIT, SFO",10.5,64.3,7.0,18.3,0.12,50.3,17.6,Elite,123,Limited,2015-2019,21.1
Vernon Davis,2006,2019,14,35,198,179,928.0,583,7562,63,338,10.0,"2TM, SFO, WAS",13.0,62.8,10.8,38.2,0.32,58.0,52.6,Elite,8,Moderate,2011-2013,24.8
Virgil Green,2011,2020,10,32,137,72,149.0,102,1145,7,57,0.0,"DEN, LAC",11.2,68.5,6.9,8.4,0.05,55.9,15.9,Great,142,Limited,,
Visanthe Shiancoe,2003,2013,11,33,149,90,394.0,245,2679,27,140,2.0,"MIN, NWE, NYG, TEN",10.9,62.2,11.0,18.0,0.18,57.1,28.1,Elite,43,Limited,2007-2009,24.6
Walter Rasby,2000,2004,5,32,71,43,71.0,40,398,3,27,0.0,"2TM, DET, NOR, WAS",10.0,56.3,7.5,5.6,0.04,67.5,11.5,Good,299,Minimal,,
Wesley Duke,2005,2005,1,24,3,0,4.0,2,22,1,2,0.0,DEN,11.0,50.0,50.0,7.3,0.33,100.0,8.2,Below Average,538,Minimal,,
Wesley Walls,2000,2003,4,37,51,37,191.0,113,1337,12,62,0.0,"CAR, GNB",11.8,59.2,10.6,26.2,0.24,54.9,18.0,Elite,116,Limited,,
Weslye Saunders,2012,2013,2,24,17,5,15.0,6,61,0,4,0.0,IND,10.2,40.0,0.0,3.6,0.0,66.7,6.8,Below Average,587,Minimal,,
Will Dissly,2018,2023,6,27,72,65,156.0,127,1421,13,70,2.0,SEA,11.2,81.4,10.2,19.7,0.18,55.1,18.6,Elite,109,Limited,,
Will Heller,2003,2012,10,31,134,35,149.0,92,782,12,47,2.0,"DET, MIA, SEA, TAM",8.5,61.7,13.0,5.8,0.09,51.1,15.9,Great,142,Minimal,,
Will Mallory,2023,2023,1,24,12,2,26.0,18,207,0,11,1.0,IND,11.5,69.2,0.0,17.2,0.0,61.1,10.1,Average,412,Minimal,,
Will Tye,2015,2017,3,26,32,18,138.0,94,897,4,40,1.0,"NYG, NYJ",9.5,68.1,4.3,28.0,0.12,42.6,13.3,Great,204,Minimal,,
Will Yeatman,2011,2011,1,23,3,2,1.0,0,0,0,0,0.0,MIA,,0.0,,0.0,0.0,,0.0,Unranked,621,,,
Xavier Grimble,2016,2019,4,27,47,7,41.0,23,239,3,14,1.0,PIT,10.4,56.1,13.0,5.1,0.06,60.9,9.6,Average,452,Minimal,,
Zach Ertz,2013,2023,11,33,151,113,1061.0,709,7434,46,399,5.0,"2TM, ARI, PHI",10.5,66.8,6.5,49.2,0.3,56.3,49.3,Elite,9,Extended,2016-2018,21.6
Zach Gentry,2019,2022,3,26,38,25,49.0,39,303,0,18,0.0,PIT,7.8,79.6,0.0,8.0,0.0,46.2,10.8,Good,350,Minimal,,
Zach Miller,2007,2017,14,33,176,139,710.0,474,5435,35,251,4.0,"CHI, JAX, OAK, SEA",11.5,66.8,7.4,30.9,0.2,53.0,39.3,Elite,19,Moderate,2013-2016,23.3
Zach Potter,2009,2012,4,26,45,14,22.0,11,83,0,2,0.0,JAX,7.5,50.0,0.0,1.8,0.0,18.2,7.5,Below Average,562,Minimal,,
Zach Sudfeld,2013,2014,2,25,30,5,17.0,10,148,0,11,0.0,"2TM, NYJ",14.8,58.8,0.0,4.9,0.0,110.0,9.6,Average,452,Minimal,,
Zachary Hilton,2003,2005,2,25,18,6,57.0,35,396,1,20,0.0,NOR,11.3,61.4,2.9,22.0,0.06,57.1,11.5,Good,299,Minimal,,
Zack Pianalto,2011,2011,1,22,13,0,5.0,4,40,0,2,0.0,TAM,10.0,80.0,0.0,3.1,0.0,50.0,10.5,Average,377,Minimal,,
Zeron Flemister,2000,2005,5,29,60,20,76.0,38,439,4,27,2.0,"OAK, WAS",11.6,50.0,10.5,7.3,0.07,71.1,11.5,Good,299,Minimal,,
